title,link,time
"Ohio Rejects Issue 1, Constitutional Change Intended to Thwart Abortion Movement",{'https://news.google.com/topics/articles/CBMiSGh0dHBzOi8vd3d3Lm55dGltZXMuY29tLzIwMjMvMDgvMDgvdXMvb2hpby1lbGVjdGlvbi1pc3N1ZS0xLXJlc3VsdHMuaHRtbNIBAA?hl=en-US&gl=US&ceid=US%3Aen'},2023-08-09T03:17:58Z
Ohio special election and what it could mean for abortion access,{'https://news.google.com/topics/articles/CCAiCzNGMzZPVk1oNWljmAEB?hl=en-US&gl=US&ceid=US%3Aen'},2023-08-09T00:00:01Z
Editorial: Ohio at a crossroad | The Blade,{'https://news.google.com/topics/articles/CBMiaWh0dHBzOi8vd3d3LnRvbGVkb2JsYWRlLmNvbS9vcGluaW9uL2VkaXRvcmlhbHMvMjAyMy8wOC8wOC9lZGl0b3JpYWwtb2hpby1hdC1jcm9zc3JvYWQvc3Rvcmllcy8yMDIzMDgwODAzMtIBAA?hl=en-US&gl=US&ceid=US%3Aen'},2023-08-08T04:02:58Z
Commentary: Ohio's GOP just learned voters are not as gullible as they think,{'https://news.google.com/topics/articles/CBMiSmh0dHBzOi8vd3d3Lnd2eHUub3JnL3BvbGl0aWNzLzIwMjMtMDgtMDgvY29tbWVudGFyeS1vaGlvLWdvcC1pc3N1ZS0xLWZhaWxz0gEA?hl=en-US&gl=US&ceid=US%3Aen'},2023-08-09T02:27:00Z
Judge schedules Friday hearing on protective order in election subversion case against Trump,{'https://news.google.com/topics/articles/CBMiUWh0dHBzOi8vd3d3LmNubi5jb20vMjAyMy8wOC8wOC9wb2xpdGljcy90cnVtcC1wcm90ZWN0aXZlLW9yZGVyLWhlYXJpbmcvaW5kZXguaHRtbNIBVWh0dHBzOi8vYW1wLmNubi5jb20vY25uLzIwMjMvMDgvMDgvcG9saXRpY3MvdHJ1bXAtcHJvdGVjdGl2ZS1vcmRlci1oZWFyaW5nL2luZGV4Lmh0bWw?hl=en-US&gl=US&ceid=US%3Aen'},2023-08-08T23:56:00Z
Judge in Trump election case sets Friday hearing on protective order,{'https://news.google.com/topics/articles/CBMibmh0dHBzOi8vd3d3Lm5iY25ld3MuY29tL3BvbGl0aWNzL2RvbmFsZC10cnVtcC90cnVtcC1lbGVjdGlvbi1ncmFuZC1qdXJ5LWJhY2std29yay1mZWRlcmFsLWNvdXJ0aG91c2UtcmNuYTk4ODEz0gEqaHR0cHM6Ly93d3cubmJjbmV3cy5jb20vbmV3cy9hbXAvcmNuYTk4ODEz?hl=en-US&gl=US&ceid=US%3Aen'},2023-08-08T23:57:20Z
Judge sets hearing date for Trump protective order in Jan. 6 case,{'https://news.google.com/topics/articles/CCAiC0FvbUlSOFBZLXB3mAEB?hl=en-US&gl=US&ceid=US%3Aen'},2023-08-09T00:32:40Z
US judge sets hearing on evidence in Trump's 2020 election case,{'https://news.google.com/topics/articles/CBMiRWh0dHBzOi8vbmV3cy55YWhvby5jb20vdHJ1bXAtbGF3eWVycy1hc2stZGVsYXktaGVhcmluZy0xOTM3NTE2NTUuaHRtbNIBTWh0dHBzOi8vbmV3cy55YWhvby5jb20vYW1waHRtbC90cnVtcC1sYXd5ZXJzLWFzay1kZWxheS1oZWFyaW5nLTE5Mzc1MTY1NS5odG1s?hl=en-US&gl=US&ceid=US%3Aen'},2023-08-08T22:03:59Z
Niger coup: Wagner taking advantage of instability - Antony Blinken,{'https://news.google.com/topics/articles/CBMiLmh0dHBzOi8vd3d3LmJiYy5jb20vbmV3cy93b3JsZC1hZnJpY2EtNjY0MzY3OTfSATJodHRwczovL3d3dy5iYmMuY29tL25ld3Mvd29ybGQtYWZyaWNhLTY2NDM2Nzk3LmFtcA?hl=en-US&gl=US&ceid=US%3Aen'},2023-08-08T17:57:49Z
Niger Coup LIVE: Wagner taking advantage of instability - Antony Blinken | Niger Coup | WION Live,{'https://news.google.com/topics/articles/CCAiC05DZzhfclZIRkNJmAEB?hl=en-US&gl=US&ceid=US%3Aen'},2023-08-09T03:00:45Z
Niger: How will the coup affect the global market for uranium? | DW News,{'https://news.google.com/topics/articles/CCAiC013ZFl3UkxDd1o4mAEB?hl=en-US&gl=US&ceid=US%3Aen'},2023-08-08T16:55:30Z
"What is happening in Niger, and how could the coup there affect the region?",{'https://news.google.com/topics/articles/CBMiamh0dHBzOi8vd3d3Lndhc2hpbmd0b25wb3N0LmNvbS93b3JsZC8yMDIzLzA4LzA4L25pZ2VyLWNvdXAtd2FnbmVyLWlzbGFtaXN0LWV4dHJlbWlzbS1mcmFuY2UtdW5pdGVkLXN0YXRlcy_SAQA?hl=en-US&gl=US&ceid=US%3Aen'},2023-08-08T22:55:00Z
"China, Philippines' dispute over grounded warship heats up",{'https://news.google.com/topics/articles/CBMibWh0dHBzOi8vd3d3LnJldXRlcnMuY29tL3dvcmxkL2FzaWEtcGFjaWZpYy9jaGluYS1yZXBlYXRzLWNhbGwtcGhpbGlwcGluZXMtcmVtb3ZlLWdyb3VuZGVkLXdhcnNoaXAtMjAyMy0wOC0wOC_SAQA?hl=en-US&gl=US&ceid=US%3Aen'},2023-08-08T19:41:33Z
Confrontation in South China Sea deepens tensions between China and US-backed Philippines | DW News,{'https://news.google.com/topics/articles/CCAiC2N1M1gwc01qMGM4mAEB?hl=en-US&gl=US&ceid=US%3Aen'},2023-08-08T21:45:00Z
Why China Keeps Antagonizing Others in the South China Sea,{'https://news.google.com/topics/articles/CBMiRmh0dHBzOi8vdGltZS5jb20vNjMwMjUxNS9jaGluYS1waGlsaXBwaW5lcy1zb3V0aC1jaGluYS1zZWEtYWdncmVzc2lvbi_SAQA?hl=en-US&gl=US&ceid=US%3Aen'},2023-08-08T10:00:00Z
"China, Philippines' dispute over warship heats up",{'https://news.google.com/topics/articles/CCAiCzhQekEzTksxQ3FZmAEB?hl=en-US&gl=US&ceid=US%3Aen'},2023-08-08T14:35:55Z
Trump Pushes Total Lie About Georgia Prosecutor Sleeping With Gang Member,{'https://news.google.com/topics/articles/CBMiZGh0dHBzOi8vd3d3LnJvbGxpbmdzdG9uZS5jb20vcG9saXRpY3MvcG9saXRpY3MtbmV3cy90cnVtcC1mYW5pLXdpbGxpcy1hZmZhaXItZ2FuZy1tZW1iZXItMTIzNDgwMjkyMi_SAWhodHRwczovL3d3dy5yb2xsaW5nc3RvbmUuY29tL3BvbGl0aWNzL3BvbGl0aWNzLW5ld3MvdHJ1bXAtZmFuaS13aWxsaXMtYWZmYWlyLWdhbmctbWVtYmVyLTEyMzQ4MDI5MjIvYW1wLw?hl=en-US&gl=US&ceid=US%3Aen'},2023-08-08T21:49:42Z
Can Gov. Kemp pardon the former president? | Georgia Trump investigation,{'https://news.google.com/topics/articles/CCAiC2ozSzg5WGd2X2JFmAEB?hl=en-US&gl=US&ceid=US%3Aen'},2023-08-08T21:29:47Z
Georgia Grand Jury Likely to Hear Trump Case Next Week,{'https://news.google.com/topics/articles/CBMiTGh0dHBzOi8vd3d3Lm55dGltZXMuY29tLzIwMjMvMDgvMDgvdXMvdHJ1bXAtZ2VvcmdpYS1lbGVjdGlvbi1ncmFuZC1qdXJ5Lmh0bWzSAQA?hl=en-US&gl=US&ceid=US%3Aen'},2023-08-08T20:48:57Z
Georgia courthouse on high alert as Trump charges loom,{'https://news.google.com/topics/articles/CCAiC1RROXhMMXJtOWswmAEB?hl=en-US&gl=US&ceid=US%3Aen'},2023-08-08T20:44:16Z
Thousands of Los Angeles city workers walk off job for 24 hours alleging unfair labor practices,{'https://news.google.com/topics/articles/CBMiW2h0dHBzOi8vYXBuZXdzLmNvbS9hcnRpY2xlL2xvcy1hbmdlbGVzLWNpdHktd29ya2Vycy1zdHJpa2UtNjg5ZWFhMjFkNzI5Njk0ZDhmYTkxMDgwZGRhYTAxZGbSAQA?hl=en-US&gl=US&ceid=US%3Aen'},2023-08-09T00:01:00Z
L.A. city workers' one-day strike comes to end after impacting services,{'https://news.google.com/topics/articles/CCAiC3gzSDJDVnVvXzhBmAEB?hl=en-US&gl=US&ceid=US%3Aen'},2023-08-08T23:56:53Z
Summer strikes unite CA workers across classes,{'https://news.google.com/topics/articles/CBMiS2h0dHBzOi8vY2FsbWF0dGVycy5vcmcvY2FsaWZvcm5pYS1kaXZpZGUvMjAyMy8wOC9zdW1tZXItc3RyaWtlcy1jYWxpZm9ybmlhL9IBAA?hl=en-US&gl=US&ceid=US%3Aen'},2023-08-08T12:30:00Z
L.A. city workers’ one-day strike comes to an end after impacting services,{'https://news.google.com/topics/articles/CBMiamh0dHBzOi8va3RsYS5jb20vbmV3cy9sb2NhbC1uZXdzL2NpdHktd29ya2Vycy0xLWRheS1zdHJpa2UtZXhwZWN0ZWQtdG8taW1wYWN0LXNlcnZpY2VzLWFuZ2VsZW5vcy1jb3VudC1vbi_SAW5odHRwczovL2t0bGEuY29tL25ld3MvbG9jYWwtbmV3cy9jaXR5LXdvcmtlcnMtMS1kYXktc3RyaWtlLWV4cGVjdGVkLXRvLWltcGFjdC1zZXJ2aWNlcy1hbmdlbGVub3MtY291bnQtb24vYW1wLw?hl=en-US&gl=US&ceid=US%3Aen'},2023-08-08T13:16:40Z
Cars found in Doral lake being recovered by Miami police divers,{'https://news.google.com/topics/articles/CBMia2h0dHBzOi8vd3d3LnVzYXRvZGF5LmNvbS9zdG9yeS9uZXdzL25hdGlvbi8yMDIzLzA4LzA4L2NhcnMtZm91bmQtaW4tbGFrZS1pbi1kb3JhbC13aGF0LXdlLWtub3cvNzA1NTEyNjkwMDcv0gEA?hl=en-US&gl=US&ceid=US%3Aen'},2023-08-08T23:26:38Z
Expert on vehicles found in Doral lake,{'https://news.google.com/topics/articles/CCAiC2FiRlJlbEliYk1BmAEB?hl=en-US&gl=US&ceid=US%3Aen'},2023-08-09T01:22:25Z
Divers Hoping to Solve Cold Cases Find 30 Cars in Florida Lake,{'https://news.google.com/topics/articles/CBMiTGh0dHBzOi8vd3d3Lm55dGltZXMuY29tLzIwMjMvMDgvMDgvdXMvZmxvcmlkYS1jYXJzLXN1Ym1lcmdlZC11bmRlcndhdGVyLmh0bWzSAQA?hl=en-US&gl=US&ceid=US%3Aen'},2023-08-08T18:02:49Z
Divers working to retrieve almost 3 dozen submerged cars in Doral lake,{'https://news.google.com/topics/articles/CBMibmh0dHBzOi8vd3N2bi5jb20vbmV3cy9sb2NhbC9taWFtaS1kYWRlL2RpdmVycy13b3JraW5nLXRvLXJldHJpZXZlLWFsbW9zdC0zLWRvemVuLXN1Ym1lcmdlZC1jYXJzLWluLWRvcmFsLWxha2Uv0gFyaHR0cHM6Ly93c3ZuLmNvbS9uZXdzL2xvY2FsL21pYW1pLWRhZGUvZGl2ZXJzLXdvcmtpbmctdG8tcmV0cmlldmUtYWxtb3N0LTMtZG96ZW4tc3VibWVyZ2VkLWNhcnMtaW4tZG9yYWwtbGFrZS9hbXAv?hl=en-US&gl=US&ceid=US%3Aen'},2023-08-08T16:51:13Z
"Neighbor of gunned down Chicago girl, 9, charged with her murder",{'https://news.google.com/topics/articles/CBMiWWh0dHBzOi8vbnlwb3N0LmNvbS8yMDIzLzA4LzA4L25laWdoYm9yLW9mLWd1bm5lZC1kb3duLWNoaWNhZ28tZ2lybC05LWNoYXJnZWQtd2l0aC1tdXJkZXIv0gFdaHR0cHM6Ly9ueXBvc3QuY29tLzIwMjMvMDgvMDgvbmVpZ2hib3Itb2YtZ3VubmVkLWRvd24tY2hpY2Fnby1naXJsLTktY2hhcmdlZC13aXRoLW11cmRlci9hbXAv?hl=en-US&gl=US&ceid=US%3Aen'},2023-08-08T12:52:00Z
Booking photo shows gunman accused of killing suburban 9-year-old girl,{'https://news.google.com/topics/articles/CCAiC05BVHNPam1VZ3lNmAEB?hl=en-US&gl=US&ceid=US%3Aen'},2023-08-08T23:15:20Z
"Man Followed 9-Year-Old Girl On Her Scooter And Killed Her In Front Of Her Dad, Prosecutors Say",{'https://news.google.com/topics/articles/CBMihwFodHRwczovL2Jsb2NrY2x1YmNoaWNhZ28ub3JnLzIwMjMvMDgvMDgvbWFuLWZvbGxvd2VkLTkteWVhci1vbGQtZ2lybC1vbi1oZXItc2Nvb3Rlci1hbmQta2lsbGVkLWhlci1pbi1mcm9udC1vZi1oZXItZGFkLXByb3NlY3V0b3JzLXNheS_SAQA?hl=en-US&gl=US&ceid=US%3Aen'},2023-08-08T20:46:00Z
A 9-year-old shouldn't have to fear being shot for being a kid,{'https://news.google.com/topics/articles/CBMie2h0dHBzOi8vY2hpY2Fnby5zdW50aW1lcy5jb20vMjAyMy84LzgvMjM4MjQzNzMvY2hpY2Fnby1ndW4tdmlvbGVuY2UtOS15ZWFyLW9sZC1naXJsLXNlcmFiaS1tZWRpbmEtbWljaGFlbC1nb29kbWFuLWVkaXRvcmlhbNIBAA?hl=en-US&gl=US&ceid=US%3Aen'},2023-08-09T00:30:00Z
Arrest warrants issued for 3 men in massive fight at Montgomery riverfront dock,{'https://news.google.com/topics/articles/CBMiR2h0dHBzOi8vd3d3LmNubi5jb20vMjAyMy8wOC8wOC91cy9tb250Z29tZXJ5LWJvYXQtZG9jay1maWdodC9pbmRleC5odG1s0gFLaHR0cHM6Ly9hbXAuY25uLmNvbS9jbm4vMjAyMy8wOC8wOC91cy9tb250Z29tZXJ5LWJvYXQtZG9jay1maWdodC9pbmRleC5odG1s?hl=en-US&gl=US&ceid=US%3Aen'},2023-08-08T22:58:00Z
"Montgomery brawl: Police charge 3 men with assault, adding that 'more charges are likely'",{'https://news.google.com/topics/articles/CBMiZ2h0dHBzOi8vbmV3cy55YWhvby5jb20vbW9udGdvbWVyeS1icmF3bC1wb2xpY2UtY2hhcmdlLW1lbi1ib2F0LWFzc2F1bHQtcml2ZXJ3YWxrLWhpc3RvcnktMjA1NjU2OTU5Lmh0bWzSAW9odHRwczovL25ld3MueWFob28uY29tL2FtcGh0bWwvbW9udGdvbWVyeS1icmF3bC1wb2xpY2UtY2hhcmdlLW1lbi1ib2F0LWFzc2F1bHQtcml2ZXJ3YWxrLWhpc3RvcnktMjA1NjU2OTU5Lmh0bWw?hl=en-US&gl=US&ceid=US%3Aen'},2023-08-08T22:57:24Z
"3 charged with assault after boaters attack dock employee at Montgomery, Alabama riverbank",{'https://news.google.com/topics/articles/CCAiC0FuME15QmhmUF84mAEB?hl=en-US&gl=US&ceid=US%3Aen'},2023-08-08T20:42:59Z
"Johnson: Montgomery brawl defenders embody broader Black resolve, ‘Not today, y’all’",{'https://news.google.com/topics/articles/CBMidmh0dHBzOi8vd3d3LmFsLmNvbS9vcGluaW9uLzIwMjMvMDgvam9obnNvbi1tb250Z29tZXJ5LWJyYXdsLWRlZmVuZGVycy1lbWJvZHktYnJvYWRlci1ibGFjay1yZXNvbHZlLW5vdC10b2RheS15YWxsLmh0bWzSAYUBaHR0cHM6Ly93d3cuYWwuY29tL29waW5pb24vMjAyMy8wOC9qb2huc29uLW1vbnRnb21lcnktYnJhd2wtZGVmZW5kZXJzLWVtYm9keS1icm9hZGVyLWJsYWNrLXJlc29sdmUtbm90LXRvZGF5LXlhbGwuaHRtbD9vdXRwdXRUeXBlPWFtcA?hl=en-US&gl=US&ceid=US%3Aen'},2023-08-08T13:22:00Z
"Trump, Christie feast on insults in New Hampshire",{'https://news.google.com/topics/articles/CBMiTmh0dHBzOi8vd3d3LnBvbGl0aWNvLmNvbS9uZXdzLzIwMjMvMDgvMDgvdHJ1bXAtY2hyaXN0aWUtbmV3LWhhbXBzaGlyZS0wMDExMDQxM9IBAA?hl=en-US&gl=US&ceid=US%3Aen'},2023-08-09T01:38:02Z
Trump mockery of Christie's weight takes a turn after audience member chimes in: 'Don't call him a fat pig',{'https://news.google.com/topics/articles/CBMiXGh0dHBzOi8vd3d3LmZveG5ld3MuY29tL3BvbGl0aWNzL3RydW1wLW1vY2tlcnktY2hyaXMtY2hyaXN0aWUtd2VpZ2h0LWF1ZGllbmNlLW1lbWJlci1mYXQtcGln0gEA?hl=en-US&gl=US&ceid=US%3Aen'},2023-08-08T23:05:00Z
"Trump mocks Christie's weight, eating habits",{'https://news.google.com/topics/articles/CCAiC05YeUZtTU1mLURZmAEB?hl=en-US&gl=US&ceid=US%3Aen'},2023-08-08T21:00:10Z
Trump on Chris Christie: 'Please do not call him a fat pig',{'https://news.google.com/topics/articles/CBMiVmh0dHBzOi8vd3d3LmJ1c2luZXNzaW5zaWRlci5jb20vZG9uYWxkLXRydW1wLWNocmlzLWNocmlzdGllLWZhdC1waWctcmFsbHktdmlkZW8tMjAyMy040gFaaHR0cHM6Ly93d3cuYnVzaW5lc3NpbnNpZGVyLmNvbS9kb25hbGQtdHJ1bXAtY2hyaXMtY2hyaXN0aWUtZmF0LXBpZy1yYWxseS12aWRlby0yMDIzLTg_YW1w?hl=en-US&gl=US&ceid=US%3Aen'},2023-08-08T19:45:00Z
Biden announces a new national monument near the Grand Canyon,{'https://news.google.com/topics/articles/CBMiaWh0dHBzOi8vd3d3Lm5iY25ld3MuY29tL3BvbGl0aWNzL3doaXRlLWhvdXNlL2JpZGVuLWFubm91bmNlcy1uZXctbmF0aW9uYWwtbW9udW1lbnQtZ3JhbmQtY2FueW9uLXJjbmE5ODgwM9IBKmh0dHBzOi8vd3d3Lm5iY25ld3MuY29tL25ld3MvYW1wL3JjbmE5ODgwMw?hl=en-US&gl=US&ceid=US%3Aen'},2023-08-08T19:25:36Z
Biden announces new Grand Canyon national monument,{'https://news.google.com/topics/articles/CCAiCzRWREFOTTd4NF9NmAEB?hl=en-US&gl=US&ceid=US%3Aen'},2023-08-09T00:38:03Z
Biden moves to protect lands near Grand Canyon,{'https://news.google.com/topics/articles/CCAiC3A1SDhPY1FwMDBZmAEB?hl=en-US&gl=US&ceid=US%3Aen'},2023-08-08T22:27:42Z
"Out West, President Biden makes his case | Editorials | santafenewmexican.com",{'https://news.google.com/topics/articles/CBMijgFodHRwczovL3d3dy5zYW50YWZlbmV3bWV4aWNhbi5jb20vb3Bpbmlvbi9lZGl0b3JpYWxzL291dC13ZXN0LXByZXNpZGVudC1iaWRlbi1tYWtlcy1oaXMtY2FzZS9hcnRpY2xlXzEzNTAzMTQwLTM1NzQtMTFlZS05YWQxLWMzNmM1MWEzZjBiOC5odG1s0gEA?hl=en-US&gl=US&ceid=US%3Aen'},2023-08-09T03:00:00Z
"Tornado in Mattapoisett touched down for three minutes, National Weather Service says",{'https://news.google.com/topics/articles/CBMiZ2h0dHBzOi8vd3d3LmNic25ld3MuY29tL2Jvc3Rvbi9uZXdzL3Rvcm5hZG8tZGFtYWdlLW1hdHRhcG9pc2V0dC1tYXNzYWNodXNldHRzLW5hdGlvbmFsLXdlYXRoZXItc2VydmljZS_SAWtodHRwczovL3d3dy5jYnNuZXdzLmNvbS9hbXAvYm9zdG9uL25ld3MvdG9ybmFkby1kYW1hZ2UtbWF0dGFwb2lzZXR0LW1hc3NhY2h1c2V0dHMtbmF0aW9uYWwtd2VhdGhlci1zZXJ2aWNlLw?hl=en-US&gl=US&ceid=US%3Aen'},2023-08-08T21:11:00Z
Tornado rips through two Mass. communities,{'https://news.google.com/topics/articles/CCAiC3VGZzZiTWExNmg0mAEB?hl=en-US&gl=US&ceid=US%3Aen'},2023-08-09T02:15:31Z
Mattapoisett community begins cleanup after tornado hits,{'https://news.google.com/topics/articles/CCAiC28ySW11TnhiZFEwmAEB?hl=en-US&gl=US&ceid=US%3Aen'},2023-08-09T00:16:31Z
"Active Weather Today, Much Calmer Tomorrow",{'https://news.google.com/topics/articles/CBMiSGh0dHBzOi8vd2hkaC5jb20vd2VhdGhlci1ibG9nL2FjdGl2ZS13ZWF0aGVyLXRvZGF5LW11Y2gtY2FsbWVyLXRvbW9ycm93L9IBTGh0dHBzOi8vd2hkaC5jb20vd2VhdGhlci1ibG9nL2FjdGl2ZS13ZWF0aGVyLXRvZGF5LW11Y2gtY2FsbWVyLXRvbW9ycm93L2FtcC8?hl=en-US&gl=US&ceid=US%3Aen'},2023-08-08T22:11:31Z
Tampa mayor finds big catch off Florida Keys: 70 pounds of cocaine,{'https://news.google.com/topics/articles/CBMiY2h0dHBzOi8vd3d3Lm5iY25ld3MuY29tL25ld3MvdXMtbmV3cy90YW1wYS1tYXlvci1iaWctY2F0Y2gtZmxvcmlkYS1rZXlzLTcwLXBvdW5kcy1jb2NhaW5lLXJjbmE5ODg5OdIBKmh0dHBzOi8vd3d3Lm5iY25ld3MuY29tL25ld3MvYW1wL3JjbmE5ODg5OQ?hl=en-US&gl=US&ceid=US%3Aen'},2023-08-09T00:22:00Z
Tampa mayor finds 70 pounds of cocaine during family fishing trip,{'https://news.google.com/topics/articles/CCAiC3hjcnlGWUFrRFpnmAEB?hl=en-US&gl=US&ceid=US%3Aen'},2023-08-08T21:26:17Z
Tampa mayor makes $1.1M cocaine catch while fishing in Florida Keys with family,{'https://news.google.com/topics/articles/CBMiRmh0dHBzOi8vd3d3LmNubi5jb20vMjAyMy8wOC8wOC91cy90YW1wYS1tYXlvci1jb2NhaW5lLWNhdGNoL2luZGV4Lmh0bWzSAUpodHRwczovL2FtcC5jbm4uY29tL2Nubi8yMDIzLzA4LzA4L3VzL3RhbXBhLW1heW9yLWNvY2FpbmUtY2F0Y2gvaW5kZXguaHRtbA?hl=en-US&gl=US&ceid=US%3Aen'},2023-08-08T17:25:00Z
Police find bricks of cocaine at Florida Keys,{'https://news.google.com/topics/articles/CBMiUmh0dHBzOi8vd3N2bi5jb20vbmV3cy9sb2NhbC9mbG9yaWRhL3BvbGljZS1maW5kLWJyaWNrcy1vZi1jb2NhaW5lLWF0LWZsb3JpZGEta2V5cy_SAVZodHRwczovL3dzdm4uY29tL25ld3MvbG9jYWwvZmxvcmlkYS9wb2xpY2UtZmluZC1icmlja3Mtb2YtY29jYWluZS1hdC1mbG9yaWRhLWtleXMvYW1wLw?hl=en-US&gl=US&ceid=US%3Aen'},2023-08-07T21:44:28Z
"Supreme Court reinstates regulation of ghost guns, firearms without serial numbers",{'https://news.google.com/topics/articles/CBMicWh0dHBzOi8vYXBuZXdzLmNvbS9hcnRpY2xlL3N1cHJlbWUtY291cnQtZ2hvc3QtZ3Vucy1iaWRlbi1hZG1pbmlzdHJhdGlvbi1sYXdzdWl0LTQ2Yjg3MTk2OWRjNmE3ZGEzNTYwNWMyZWJjNTM4NWU10gEA?hl=en-US&gl=US&ceid=US%3Aen'},2023-08-08T22:57:00Z
Supreme Court upholds restrictions on ghost guns,{'https://news.google.com/topics/articles/CCAiCzN1QnRxekkxQnlFmAEB?hl=en-US&gl=US&ceid=US%3Aen'},2023-08-09T00:49:51Z
"By 5-4 Vote, Supreme Court Revives Biden's Regulation of 'Ghost Guns'",{'https://news.google.com/topics/articles/CBMiSWh0dHBzOi8vd3d3Lm55dGltZXMuY29tLzIwMjMvMDgvMDgvdXMvc3VwcmVtZS1jb3VydC1iaWRlbi1naG9zdC1ndW5zLmh0bWzSAQA?hl=en-US&gl=US&ceid=US%3Aen'},2023-08-08T20:52:33Z
US Supreme Court restores Biden's curbs on homemade 'ghost guns' — for now,{'https://news.google.com/topics/articles/CBMiZ2h0dHBzOi8vd3d3LnJldXRlcnMuY29tL2xlZ2FsL3VzLXN1cHJlbWUtY291cnQtcmVpbnN0YXRlcy1iaWRlbnMtZ2hvc3QtZ3VuLXJlc3RyaWN0aW9ucy1ub3ctMjAyMy0wOC0wOC_SAQA?hl=en-US&gl=US&ceid=US%3Aen'},2023-08-08T19:20:00Z
Massachusetts governor declares emergency and urges help for migrants,{'https://news.google.com/topics/articles/CBMidWh0dHBzOi8vd3d3LnRoZWd1YXJkaWFuLmNvbS91cy1uZXdzLzIwMjMvYXVnLzA4L21hc3NhY2h1c2V0dHMtZ292ZXJub3ItZGVjbGFyZXMtZW1lcmdlbmN5LWFuZC11cmdlcy1oZWxwLWZvci1taWdyYW50c9IBAA?hl=en-US&gl=US&ceid=US%3Aen'},2023-08-08T22:44:00Z
Massachusetts gov declares state of emergency due to surge of migrants; calls for federal action,{'https://news.google.com/topics/articles/CBMib2h0dHBzOi8vd3d3LmZveG5ld3MuY29tL3BvbGl0aWNzL21hc3NhY2h1c2V0dHMtZ292LWRlY2xhcmVzLXN0YXRlLWVtZXJnZW5jeS1zdXJnZS1taWdyYW50cy1jYWxscy1mZWRlcmFsLWFjdGlvbtIBc2h0dHBzOi8vd3d3LmZveG5ld3MuY29tL3BvbGl0aWNzL21hc3NhY2h1c2V0dHMtZ292LWRlY2xhcmVzLXN0YXRlLWVtZXJnZW5jeS1zdXJnZS1taWdyYW50cy1jYWxscy1mZWRlcmFsLWFjdGlvbi5hbXA?hl=en-US&gl=US&ceid=US%3Aen'},2023-08-08T17:01:00Z
Mass. governor declares state of emergency due to migrant crisis,{'https://news.google.com/topics/articles/CCAiC1hwVVRxUXV3UWpFmAEB?hl=en-US&gl=US&ceid=US%3Aen'},2023-08-08T21:18:05Z
Gov. Healey right to ask US help with Massachusetts’ migrant housing crisis (Editorial),{'https://news.google.com/topics/articles/CBMigQFodHRwczovL3d3dy5tYXNzbGl2ZS5jb20vb3Bpbmlvbi8yMDIzLzA4L2dvdi1oZWFsZXktcmlnaHQtdG8tYXNrLXVzLWhlbHAtd2l0aC1tYXNzYWNodXNldHRzLW1pZ3JhbnQtaG91c2luZy1jcmlzaXMtZWRpdG9yaWFsLmh0bWzSAZABaHR0cHM6Ly93d3cubWFzc2xpdmUuY29tL29waW5pb24vMjAyMy8wOC9nb3YtaGVhbGV5LXJpZ2h0LXRvLWFzay11cy1oZWxwLXdpdGgtbWFzc2FjaHVzZXR0cy1taWdyYW50LWhvdXNpbmctY3Jpc2lzLWVkaXRvcmlhbC5odG1sP291dHB1dFR5cGU9YW1w?hl=en-US&gl=US&ceid=US%3Aen'},2023-08-08T19:30:00Z
"PBS NewsHour live episode, Aug. 8, 2023",{'https://news.google.com/topics/articles/CCAiCzM2Tl9qQjVwN1BjmAEB?hl=en-US&gl=US&ceid=US%3Aen'},2023-08-08T23:01:13Z
US pauses aid to Niger after military coup | FOX 5 News,{'https://news.google.com/topics/articles/CCAiCzJPR0R6akxYNmM4mAEB?hl=en-US&gl=US&ceid=US%3Aen'},2023-08-08T04:02:53Z
WATCH LIVE: State Department holds news briefing as regional bloc meets to discuss Niger coup,{'https://news.google.com/topics/articles/CCAiC2xpYkxHcF9vSHg4mAEB?hl=en-US&gl=US&ceid=US%3Aen'},2023-08-07T18:05:06Z
"LIVE | U.S. State Department On Niger Crisis, Russia-Ukraine War & The China Factor | Watch",{'https://news.google.com/topics/articles/CCAiC0hWdnZWZlJnYzhvmAEB?hl=en-US&gl=US&ceid=US%3Aen'},2023-08-08T11:50:31Z
Previously Secret Memo Laid Out Strategy for Trump to Overturn Biden's Win,{'https://news.google.com/topics/articles/CBMiV2h0dHBzOi8vd3d3Lm55dGltZXMuY29tLzIwMjMvMDgvMDgvdXMvcG9saXRpY3MvdHJ1bXAtaW5kaWN0bWVudC1mYWtlLWVsZWN0b3JzLW1lbW8uaHRtbNIBAA?hl=en-US&gl=US&ceid=US%3Aen'},2023-08-09T02:14:14Z
Donald Trump admits criminal charges will damage 2024 presidential campaign,{'https://news.google.com/topics/articles/CBMiP2h0dHBzOi8vd3d3LmZ0LmNvbS9jb250ZW50L2YwYmM4MGQzLTJlN2ItNDNjZi1hMTQzLTc5Y2EwZTNjMTIzYtIBAA?hl=en-US&gl=US&ceid=US%3Aen'},2023-08-09T00:43:00Z
Donald Trump Speech LIVE | Trump Addresses Rally In New Hampshire | Trump New Hampshire Rally,{'https://news.google.com/topics/articles/CCAiCzgyS3ZWMzR0a3Q0mAEB?hl=en-US&gl=US&ceid=US%3Aen'},2023-08-09T00:25:21Z
Trump on possible gag order: Pound sand,{'https://news.google.com/topics/articles/CBMiWGh0dHBzOi8vd3d3LnBvbGl0aWNvLmNvbS9uZXdzLzIwMjMvMDgvMDgvdHJ1bXAtb24tcG9zc2libGUtZ2FnLW9yZGVyLXBvdW5kLXNhbmQtMDAxMTAzNTfSAQA?hl=en-US&gl=US&ceid=US%3Aen'},2023-08-08T21:19:26Z
"Border crisis update, Trump pushes to delay election hearing case and more | LiveNOW from FOX",{'https://news.google.com/topics/articles/CCAiC0JmTnZwODYyWDVJmAEB?hl=en-US&gl=US&ceid=US%3Aen'},2023-08-08T18:43:13Z
"Adams warns of soaring costs as migrant kids flood school system, begs New Yorkers to 'do more'",{'https://news.google.com/topics/articles/CBMiZmh0dHBzOi8vbnlwb3N0LmNvbS8yMDIzLzA4LzA4L2FkYW1zLXdhcm5zLW9mLXNvYXJpbmctY29zdHMtYXMtbWlncmFudC1raWRzLWZsb29kLXNjaG9vbHMtZmlzY2FsLWNsaWZmL9IBamh0dHBzOi8vbnlwb3N0LmNvbS8yMDIzLzA4LzA4L2FkYW1zLXdhcm5zLW9mLXNvYXJpbmctY29zdHMtYXMtbWlncmFudC1raWRzLWZsb29kLXNjaG9vbHMtZmlzY2FsLWNsaWZmL2FtcC8?hl=en-US&gl=US&ceid=US%3Aen'},2023-08-08T22:49:00Z
NYC officials expecting 5 busloads of asylum seekers by Wed. morning,{'https://news.google.com/topics/articles/CCAiC0pkSnI0VE9wdDJzmAEB?hl=en-US&gl=US&ceid=US%3Aen'},2023-08-08T21:17:24Z
NYC Says It Has No More Room for Asylum Seekers as Advocates Demand Long-Term Shelter,{'https://news.google.com/topics/articles/CCAiC2l0bHVudG5ZNDYwmAEB?hl=en-US&gl=US&ceid=US%3Aen'},2023-08-08T15:10:32Z
"Staten Island assisted living facility will turn into NYC migrant shelter, local officials say",{'https://news.google.com/topics/articles/CBMihgFodHRwczovL3d3dy5zaWxpdmUuY29tL25ld3MvMjAyMy8wOC9zdGF0ZW4taXNsYW5kLWFzc2lzdGVkLWxpdmluZy1mYWNpbGl0eS13aWxsLXR1cm4taW50by1ueWMtbWlncmFudC1zaGVsdGVyLWxvY2FsLW9mZmljaWFscy1zYXkuaHRtbNIBlQFodHRwczovL3d3dy5zaWxpdmUuY29tL25ld3MvMjAyMy8wOC9zdGF0ZW4taXNsYW5kLWFzc2lzdGVkLWxpdmluZy1mYWNpbGl0eS13aWxsLXR1cm4taW50by1ueWMtbWlncmFudC1zaGVsdGVyLWxvY2FsLW9mZmljaWFscy1zYXkuaHRtbD9vdXRwdXRUeXBlPWFtcA?hl=en-US&gl=US&ceid=US%3Aen'},2023-08-07T21:27:00Z
Woman seriously injured by rare shark bite off NYC's Rockaway Beach,{'https://news.google.com/topics/articles/CBMiY2h0dHBzOi8vYXBuZXdzLmNvbS9hcnRpY2xlL3NoYXJrLWJpdGUtbmV3LXlvcmstY2l0eS1yb2NrYXdheS1iZWFjaC00MDQ3ZDYyMmViYmE0NDNiZDhhYjQ4Njk5ZDljYTk1NNIBAA?hl=en-US&gl=US&ceid=US%3Aen'},2023-08-08T22:33:00Z
Woman hospitalized after rare shark attack at New York beach: officials,{'https://news.google.com/topics/articles/CBMiWGh0dHBzOi8vd3d3LmZveG5ld3MuY29tL3VzL3dvbWFuLWhvc3BpdGFsaXplZC1yYXJlLXNoYXJrLWF0dGFjay1uZXcteW9yay1iZWFjaC1vZmZpY2lhbHPSAVxodHRwczovL3d3dy5mb3huZXdzLmNvbS91cy93b21hbi1ob3NwaXRhbGl6ZWQtcmFyZS1zaGFyay1hdHRhY2stbmV3LXlvcmstYmVhY2gtb2ZmaWNpYWxzLmFtcA?hl=en-US&gl=US&ceid=US%3Aen'},2023-08-08T07:42:40Z
Rockaway Beach remains closed after shark attack,{'https://news.google.com/topics/articles/CCAiCzZ4bm10V1VWWU1jmAEB?hl=en-US&gl=US&ceid=US%3Aen'},2023-08-08T21:29:52Z
Park police: Possible shark sighting at Jones Beach State Park,{'https://news.google.com/topics/articles/CBMiW2h0dHBzOi8vbG9uZ2lzbGFuZC5uZXdzMTIuY29tL3BhcmstcG9saWNlLXBvc3NpYmxlLXNoYXJrLXNpZ2h0aW5nLWF0LWpvbmVzLWJlYWNoLXN0YXRlLXBhcmvSAQA?hl=en-US&gl=US&ceid=US%3Aen'},2023-08-08T21:49:41Z
"Republican Ron DeSantis, in need of a momentum shift, ousts campaign chief",{'https://news.google.com/topics/articles/CBMibGh0dHBzOi8vd3d3LnJldXRlcnMuY29tL3dvcmxkL3VzL3JlcHVibGljYW4tcm9uLWRlc2FudGlzLW91c3RzLWNhbXBhaWduLW1hbmFnZXItYW1pZC1zbHVtcC1wb2xscy0yMDIzLTA4LTA4L9IBAA?hl=en-US&gl=US&ceid=US%3Aen'},2023-08-08T20:12:00Z
DeSantis replaces presidential campaign manager,{'https://news.google.com/topics/articles/CCAiCzlueHY1NFJINi1vmAEB?hl=en-US&gl=US&ceid=US%3Aen'},2023-08-08T16:00:13Z
DeSantis Replaces Campaign Manager in Major Leadership Shake-Up,{'https://news.google.com/topics/articles/CBMiWmh0dHBzOi8vd3d3Lm55dGltZXMuY29tLzIwMjMvMDgvMDgvdXMvcG9saXRpY3MvZGVzYW50aXMtY2FtcGFpZ24tbWFuYWdlci1nZW5lcnJhLXBlY2suaHRtbNIBAA?hl=en-US&gl=US&ceid=US%3Aen'},2023-08-08T21:53:59Z
Another Campaign Shake-up Not a Good Sign for DeSantis,{'https://news.google.com/topics/articles/CBMiYmh0dHBzOi8vbnltYWcuY29tL2ludGVsbGlnZW5jZXIvMjAyMy8wOC9hbm90aGVyLWNhbXBhaWduLXNoYWtldXAtbm90LWEtZ29vZC1zaWduLWZvci1kZXNhbnRpcy5odG1s0gEA?hl=en-US&gl=US&ceid=US%3Aen'},2023-08-08T20:48:03Z
"After a glacial dam outburst destroyed homes in Alaska, a look at the risks of melting ice masses",{'https://news.google.com/topics/articles/CBMiZWh0dHBzOi8vYWJjbmV3cy5nby5jb20vVVMvd2lyZVN0b3J5L2FmdGVyLWdsYWNpYWwtZGFtLW91dGJ1cnN0LWRlc3Ryb3llZC1ob21lcy1hbGFza2Etcmlza3MtMTAyMTE3OTAx0gFpaHR0cHM6Ly9hYmNuZXdzLmdvLmNvbS9hbXAvVVMvd2lyZVN0b3J5L2FmdGVyLWdsYWNpYWwtZGFtLW91dGJ1cnN0LWRlc3Ryb3llZC1ob21lcy1hbGFza2Etcmlza3MtMTAyMTE3OTAx?hl=en-US&gl=US&ceid=US%3Aen'},2023-08-08T23:39:53Z
"Video shows house in Juneau, Alaska, collapsing into flooded Mendenhall River",{'https://news.google.com/topics/articles/CBMiXmh0dHBzOi8vd3d3LmZveG5ld3MuY29tL3VzL3ZpZGVvLXNob3dzLWhvdXNlLWp1bmVhdS1hbGFza2EtY29sbGFwc2luZy1mbG9vZGVkLW1lbmRlbmhhbGwtcml2ZXLSAWJodHRwczovL3d3dy5mb3huZXdzLmNvbS91cy92aWRlby1zaG93cy1ob3VzZS1qdW5lYXUtYWxhc2thLWNvbGxhcHNpbmctZmxvb2RlZC1tZW5kZW5oYWxsLXJpdmVyLmFtcA?hl=en-US&gl=US&ceid=US%3Aen'},2023-08-08T13:12:45Z
Torrent of Water From Alaska Glacier Floods Juneau,{'https://news.google.com/topics/articles/CBMiQWh0dHBzOi8vd3d3Lm55dGltZXMuY29tLzIwMjMvMDgvMDgvdXMvYWxhc2thLWp1bmVhdS1mbG9vZGluZy5odG1s0gEA?hl=en-US&gl=US&ceid=US%3Aen'},2023-08-08T20:16:42Z
Alaska floods become latest climate symbol in disaster-filled summer,{'https://news.google.com/topics/articles/CBMiY2h0dHBzOi8vdGhlaGlsbC5jb20vcG9saWN5L2VuZXJneS1lbnZpcm9ubWVudC80MTQ0NTY0LWFsYXNrYS1mbG9vZHMtY2xpbWF0ZS1kaXNhc3Rlci1maWxsZWQtc3VtbWVyL9IBZ2h0dHBzOi8vdGhlaGlsbC5jb20vcG9saWN5L2VuZXJneS1lbnZpcm9ubWVudC80MTQ0NTY0LWFsYXNrYS1mbG9vZHMtY2xpbWF0ZS1kaXNhc3Rlci1maWxsZWQtc3VtbWVyL2FtcC8?hl=en-US&gl=US&ceid=US%3Aen'},2023-08-08T22:56:00Z
Republicans Melt Down Over Worker Protections for Pregnancy-Related Conditions,{'https://news.google.com/topics/articles/CBMiR2h0dHBzOi8vbmV3cy55YWhvby5jb20vcmVwdWJsaWNhbnMtbWVsdC1kb3duLW92ZXItd29ya2VyLTIwNDUwMDU3NS5odG1s0gFPaHR0cHM6Ly9uZXdzLnlhaG9vLmNvbS9hbXBodG1sL3JlcHVibGljYW5zLW1lbHQtZG93bi1vdmVyLXdvcmtlci0yMDQ1MDA1NzUuaHRtbA?hl=en-US&gl=US&ceid=US%3Aen'},2023-08-08T20:45:00Z
Blue-Collar Workers Benefit from PWFA,{'https://news.google.com/topics/articles/CBMidGh0dHBzOi8vd3d3LnNocm0ub3JnL3Jlc291cmNlc2FuZHRvb2xzL2hyLXRvcGljcy9lbXBsb3llZS1yZWxhdGlvbnMvcGFnZXMvYmx1ZS1jb2xsYXItd29ya2Vycy1iZW5lZml0LWZyb20tcHdmYS5hc3B40gEA?hl=en-US&gl=US&ceid=US%3Aen'},2023-08-08T20:55:03Z
Pregnant workers would get new protections under proposed rules,{'https://news.google.com/topics/articles/CBMiSWh0dHBzOi8vd3d3Lndhc2hpbmd0b25wb3N0LmNvbS9idXNpbmVzcy8yMDIzLzA4LzA4L3ByZWduYW50LXdvcmtlcnMtZWVvYy_SAQA?hl=en-US&gl=US&ceid=US%3Aen'},2023-08-08T14:13:00Z
Abortion fight erupts over pregnant workers' protections,{'https://news.google.com/topics/articles/CBMiemh0dHBzOi8vd3d3LnBvbGl0aWNvLmNvbS9uZXdzLzIwMjMvMDgvMDgvYWJvcnRpb24tZmlnaHQtdGhyZWF0ZW5zLXRvLXNwb2lsLWJpcGFydGlzYW4tcHJlZ25hbnQtd29ya2VyLXByb3RlY3Rpb25zLTAwMTEwMjYx0gEA?hl=en-US&gl=US&ceid=US%3Aen'},2023-08-09T01:40:59Z
"Twin Russian strikes on Ukrainian city kill civilians, then hit rescuers, official says",{'https://news.google.com/topics/articles/CBMiTWh0dHBzOi8vd3d3LmNubi5jb20vMjAyMy8wOC8wOC9ldXJvcGUvcG9rcm92c2stYXR0YWNrLXVrcmFpbmUtaW50bC9pbmRleC5odG1s0gFRaHR0cHM6Ly9hbXAuY25uLmNvbS9jbm4vMjAyMy8wOC8wOC9ldXJvcGUvcG9rcm92c2stYXR0YWNrLXVrcmFpbmUtaW50bC9pbmRleC5odG1s?hl=en-US&gl=US&ceid=US%3Aen'},2023-08-09T00:08:00Z
"Kyiv 'manipulating' Russians into arson, Ukraine military HQ 'struck'",{'https://news.google.com/topics/articles/CBMifmh0dHBzOi8vd3d3LmV1cm9uZXdzLmNvbS8yMDIzLzA4LzA4L3VrcmFpbmUtd2FyLWt5aXYtc2F0aXNmaWVkLXdpdGgtamVkZGFoLXN1bW1pdC11bmVzY28tZGFtYWdlLWluLW9kZXNhLWRlYWRseS1ydXNzaWFuLXN0cmlrZdIBAA?hl=en-US&gl=US&ceid=US%3Aen'},2023-08-08T13:41:15Z
Emergency Workers Rushed to Scene of Russian Missile Attack. Then Another Missile Came.,{'https://news.google.com/topics/articles/CBMiQWh0dHBzOi8vd3d3Lm55dGltZXMuY29tL2xpdmUvMjAyMy8wOC8wOC93b3JsZC9ydXNzaWEtdWtyYWluZS1uZXdz0gEA?hl=en-US&gl=US&ceid=US%3Aen'},2023-08-09T01:47:38Z
See how Ukraine is putting pressure on Russia in new sea and land attacks,{'https://news.google.com/topics/articles/CCAiCzFUT192akpUUEZRmAEB?hl=en-US&gl=US&ceid=US%3Aen'},2023-08-08T00:30:00Z
Texas woman seriously injured after hawk drops snake on her,{'https://news.google.com/topics/articles/CBMiMWh0dHBzOi8vd3d3LmJiYy5jb20vbmV3cy93b3JsZC11cy1jYW5hZGEtNjY0NDY2OTfSATVodHRwczovL3d3dy5iYmMuY29tL25ld3Mvd29ybGQtdXMtY2FuYWRhLTY2NDQ2Njk3LmFtcA?hl=en-US&gl=US&ceid=US%3Aen'},2023-08-09T00:56:54Z
Texas woman mowing lawn attacked by snake and hawk – at the same time,{'https://news.google.com/topics/articles/CBMiVWh0dHBzOi8vd3d3LnRoZWd1YXJkaWFuLmNvbS91cy1uZXdzLzIwMjMvYXVnLzA4L3RleGFzLXdvbWFuLXNuYWtlLWhhd2stYXR0YWNrLXNpbHNiZWXSAVVodHRwczovL2FtcC50aGVndWFyZGlhbi5jb20vdXMtbmV3cy8yMDIzL2F1Zy8wOC90ZXhhcy13b21hbi1zbmFrZS1oYXdrLWF0dGFjay1zaWxzYmVl?hl=en-US&gl=US&ceid=US%3Aen'},2023-08-08T19:39:00Z
"Texas woman was mowing the grass when a snake and hawk attacked her from the sky: 'Jesus, please help me'",{'https://news.google.com/topics/articles/CBMiYGh0dHBzOi8vd3d3LmZveG5ld3MuY29tL3VzL3RleGFzLXdvbWFuLW1vd2luZy1ncmFzcy1zbmFrZS1oYXdrLWF0dGFja2VkLXNreS1qZXN1cy1wbGVhc2UtaGVscC1tZdIBZGh0dHBzOi8vd3d3LmZveG5ld3MuY29tL3VzL3RleGFzLXdvbWFuLW1vd2luZy1ncmFzcy1zbmFrZS1oYXdrLWF0dGFja2VkLXNreS1qZXN1cy1wbGVhc2UtaGVscC1tZS5hbXA?hl=en-US&gl=US&ceid=US%3Aen'},2023-08-09T01:53:00Z
Silsbee woman survives harrowing encounter with snake and hawk in backyard ordeal,{'https://news.google.com/topics/articles/CBMibWh0dHBzOi8va2ZkbS5jb20vbmV3cy9sb2NhbC9zaWxzYmVlLXdvbWFuLXN1cnZpdmVzLWhhcnJvd2luZy1lbmNvdW50ZXItd2l0aC1zbmFrZS1hbmQtaGF3ay1pbi1iYWNreWFyZC1vcmRlYWzSAQA?hl=en-US&gl=US&ceid=US%3Aen'},2023-08-08T14:19:50Z
Some Florida students need parent's permission to use nickname,{'https://news.google.com/topics/articles/CBMiamh0dHBzOi8vd3d3LmJ1c2luZXNzaW5zaWRlci5jb20vZmxvcmlkYS1zdHVkZW50cy1zb21lLW5lZWQtcGFyZW50cy1wZXJtaXNzaW9uLW5pY2tuYW1lLXJvbi1kZXNhbnRpcy0yMDIzLTjSAW5odHRwczovL3d3dy5idXNpbmVzc2luc2lkZXIuY29tL2Zsb3JpZGEtc3R1ZGVudHMtc29tZS1uZWVkLXBhcmVudHMtcGVybWlzc2lvbi1uaWNrbmFtZS1yb24tZGVzYW50aXMtMjAyMy04P2FtcA?hl=en-US&gl=US&ceid=US%3Aen'},2023-08-08T18:35:00Z
Florida district bars trans teachers from using preferred pronouns and bathrooms to comply with state law,{'https://news.google.com/topics/articles/CBMidWh0dHBzOi8vd3d3Lm5iY25ld3MuY29tL25ld3MvdXMtbmV3cy9mbG9yaWRhLWRpc3RyaWN0LWJhcnMtdHJhbnMtdGVhY2hlcnMtdXNpbmctcHJlZmVycmVkLXByb25vdW5zLWJhdGhyb29tLXJjbmE5ODczNNIBKmh0dHBzOi8vd3d3Lm5iY25ld3MuY29tL25ld3MvYW1wL3JjbmE5ODczNA?hl=en-US&gl=US&ceid=US%3Aen'},2023-08-08T14:38:42Z
"Florida school district says trans employees can’t use pronouns, bathrooms matching their gender ide",{'https://news.google.com/topics/articles/CCAiCzhlT0VDb0kxeXNvmAEB?hl=en-US&gl=US&ceid=US%3Aen'},2023-08-09T03:14:38Z
Florida district sends memo about enforcing state laws on transgender bathrooms and preferred pronouns,{'https://news.google.com/topics/articles/CBMiY2h0dHBzOi8vd3d3LmZveG5ld3MuY29tL21lZGlhL2Zsb3JpZGEtZGlzdHJpY3Qtc2VuZHMtbWVtby1lbmZvcmNpbmctc3RhdGUtbGF3cy10cmFuc2dlbmRlci1pZGVvbG9nedIBZ2h0dHBzOi8vd3d3LmZveG5ld3MuY29tL21lZGlhL2Zsb3JpZGEtZGlzdHJpY3Qtc2VuZHMtbWVtby1lbmZvcmNpbmctc3RhdGUtbGF3cy10cmFuc2dlbmRlci1pZGVvbG9neS5hbXA?hl=en-US&gl=US&ceid=US%3Aen'},2023-08-09T01:00:00Z
North Andover building inundated by floodwater as storm soaks Massachusetts,{'https://news.google.com/topics/articles/CBMiTGh0dHBzOi8vd3d3LndjdmIuY29tL2FydGljbGUvbm9ydGgtYW5kb3Zlci1idWlsZGluZy1pbnVuZGF0ZWQtZmxvb2QvNDQ3NjM4NDLSAVBodHRwczovL3d3dy53Y3ZiLmNvbS9hbXAvYXJ0aWNsZS9ub3J0aC1hbmRvdmVyLWJ1aWxkaW5nLWludW5kYXRlZC1mbG9vZC80NDc2Mzg0Mg?hl=en-US&gl=US&ceid=US%3Aen'},2023-08-08T22:09:00Z
Severe weather in Massachusetts brings flooding and a tornado,{'https://news.google.com/topics/articles/CCAiC0FIbGY4SElhNkRVmAEB?hl=en-US&gl=US&ceid=US%3Aen'},2023-08-09T00:03:14Z
Flood Emergency in Cambridge | Latest News | wboc.com,{'https://news.google.com/topics/articles/CBMiaGh0dHBzOi8vd3d3Lndib2MuY29tL25ld3MvZmxvb2QtZW1lcmdlbmN5LWluLWNhbWJyaWRnZS9hcnRpY2xlX2M4NGEzYTQwLTM1OTgtMTFlZS04MzFkLWEzNDhiNGM5MzM4Yi5odG1s0gEA?hl=en-US&gl=US&ceid=US%3Aen'},2023-08-08T03:08:00Z
"Downpours dump more than 6 inches of rain on parts of Massachusetts: Aug. 8, 2023, rainfall reports",{'https://news.google.com/topics/articles/CBMia2h0dHBzOi8vd3d3LndjdmIuY29tL2FydGljbGUvcmFpbmZhbGwtdG90YWxzLXNldmVyZS10aHVuZGVyc3Rvcm1zLXRvcm5hZG8tbWFzc2FjaHVzZXR0cy1hdWctOC0yMDIzLzQ0NzY1MDgw0gFvaHR0cHM6Ly93d3cud2N2Yi5jb20vYW1wL2FydGljbGUvcmFpbmZhbGwtdG90YWxzLXNldmVyZS10aHVuZGVyc3Rvcm1zLXRvcm5hZG8tbWFzc2FjaHVzZXR0cy1hdWctOC0yMDIzLzQ0NzY1MDgw?hl=en-US&gl=US&ceid=US%3Aen'},2023-08-08T22:30:00Z
Biden says he plans to travel to Vietnam ‘shortly’,{'https://news.google.com/topics/articles/CBMiR2h0dHBzOi8vd3d3LmNubi5jb20vMjAyMy8wOC8wOC9wb2xpdGljcy9iaWRlbi10cmF2ZWwtdmlldG5hbS9pbmRleC5odG1s0gFLaHR0cHM6Ly9hbXAuY25uLmNvbS9jbm4vMjAyMy8wOC8wOC9wb2xpdGljcy9iaWRlbi10cmF2ZWwtdmlldG5hbS9pbmRleC5odG1s?hl=en-US&gl=US&ceid=US%3Aen'},2023-08-09T01:58:00Z
President Biden arrives in Albuquerque,{'https://news.google.com/topics/articles/CCAiC0RLTHZSaktrVURRmAEB?hl=en-US&gl=US&ceid=US%3Aen'},2023-08-08T23:27:17Z
Biden says he will visit Vietnam 'shortly',{'https://news.google.com/topics/articles/CBMiUGh0dHBzOi8vd3d3LnJldXRlcnMuY29tL3dvcmxkL3VzL2JpZGVuLXNheXMtaGUtaXMtZ29pbmctdmlldG5hbS1zb29uLTIwMjMtMDgtMDkv0gEA?hl=en-US&gl=US&ceid=US%3Aen'},2023-08-09T02:36:00Z
President Biden arrives in New Mexico today,{'https://news.google.com/topics/articles/CBMiUWh0dHBzOi8vd3d3LmtvYXQuY29tL2FydGljbGUvcHJlc2lkZW50LWJpZGVuLWFycml2ZXMtaW4tbmV3LW1leGljby10b2RheS80NDc2MTM0NNIBVWh0dHBzOi8vd3d3LmtvYXQuY29tL2FtcC9hcnRpY2xlL3ByZXNpZGVudC1iaWRlbi1hcnJpdmVzLWluLW5ldy1tZXhpY28tdG9kYXkvNDQ3NjEzNDQ?hl=en-US&gl=US&ceid=US%3Aen'},2023-08-08T13:46:00Z
Unsealed search warrant reveals comments from 6-year-old who shot teacher in school,{'https://news.google.com/topics/articles/CBMibmh0dHBzOi8vd3d3LmluZGVwZW5kZW50LmNvLnVrL25ld3Mvd29ybGQvYW1lcmljYXMvY3JpbWUvdW5zZWFsZWQtc2VhcmNoLXdhcnJhbnQtdGVhY2hlci1zaG9vdGluZy1iMjM4OTgxOC5odG1s0gEA?hl=en-US&gl=US&ceid=US%3Aen'},2023-08-08T21:07:09Z
"6-year-old boy who shot teacher later boasted about it, affidavit says",{'https://news.google.com/topics/articles/CBMiVmh0dHBzOi8vd3d3LmNubi5jb20vMjAyMy8wOC8wOC91cy9uZXdwb3J0LW5ld3Mtc3R1ZGVudC1zaG90LXRlYWNoZXItd2FycmFudC9pbmRleC5odG1s0gFaaHR0cHM6Ly9hbXAuY25uLmNvbS9jbm4vMjAyMy8wOC8wOC91cy9uZXdwb3J0LW5ld3Mtc3R1ZGVudC1zaG90LXRlYWNoZXItd2FycmFudC9pbmRleC5odG1s?hl=en-US&gl=US&ceid=US%3Aen'},2023-08-09T02:44:00Z
Documents show 6-year-old who shot teacher made unsettling statements,{'https://news.google.com/topics/articles/CCAiC0xaVE5RSmM3elFNmAEB?hl=en-US&gl=US&ceid=US%3Aen'},2023-08-08T22:23:45Z
'I shot that b**** dead': Unsealed search warrant in Richneck case sheds new light,{'https://news.google.com/topics/articles/CBMic2h0dHBzOi8vd3d3LnBpbG90b25saW5lLmNvbS8yMDIzLzA4LzA4L2ktc2hvdC10aGF0LWItZGVhZC11bnNlYWxlZC1zZWFyY2gtd2FycmFudC1pbi1yaWNobmVjay1jYXNlLXNoZWRzLW5ldy1saWdodC_SAQA?hl=en-US&gl=US&ceid=US%3Aen'},2023-08-08T20:03:37Z
Car crashes into second floor of Pennsylvania house,{'https://news.google.com/topics/articles/CBMiWmh0dHBzOi8vd3d3Lm5iY25ld3MuY29tL25ld3MvdXMtbmV3cy9jYXItY3Jhc2hlcy1zZWNvbmQtZmxvb3ItcGVubnN5bHZhbmlhLWhvdXNlLXJjbmE5ODc5OdIBKmh0dHBzOi8vd3d3Lm5iY25ld3MuY29tL25ld3MvYW1wL3JjbmE5ODc5OQ?hl=en-US&gl=US&ceid=US%3Aen'},2023-08-08T17:46:04Z
"Car crashes into second floor of a house, and cops say driver did it on purpose",{'https://news.google.com/topics/articles/CBMiRWh0dHBzOi8vYXV0b3MueWFob28uY29tL2Nhci1jcmFzaGVzLXNlY29uZC1mbG9vci1ob3VzZS0yMDM1MDA3NzguaHRtbNIBTWh0dHBzOi8vYXV0b3MueWFob28uY29tL2FtcGh0bWwvY2FyLWNyYXNoZXMtc2Vjb25kLWZsb29yLWhvdXNlLTIwMzUwMDc3OC5odG1s?hl=en-US&gl=US&ceid=US%3Aen'},2023-08-08T20:35:00Z
Car crashes into second floor of home,{'https://news.google.com/topics/articles/CCAiC0dHbVhabnNqRFVRmAEB?hl=en-US&gl=US&ceid=US%3Aen'},2023-08-08T18:18:03Z
Man who crashed into Pa. house said he wanted to hurt himself: court documents,{'https://news.google.com/topics/articles/CBMiemh0dHBzOi8vd3d3LnBlbm5saXZlLmNvbS9uZXdzLzIwMjMvMDgvbWFuLWNoYXJnZWQtYWZ0ZXItcG9saWNlLXNheS1oZS1pbnRlbnRpb25hbGx5LWNyYXNoZWQtY2FyLW9udG8tcm9vZi1vZi1wYS1ob3VzZS5odG1s0gGJAWh0dHBzOi8vd3d3LnBlbm5saXZlLmNvbS9uZXdzLzIwMjMvMDgvbWFuLWNoYXJnZWQtYWZ0ZXItcG9saWNlLXNheS1oZS1pbnRlbnRpb25hbGx5LWNyYXNoZWQtY2FyLW9udG8tcm9vZi1vZi1wYS1ob3VzZS5odG1sP291dHB1dFR5cGU9YW1w?hl=en-US&gl=US&ceid=US%3Aen'},2023-08-08T17:09:00Z
Oregon secretary of state: Senators who walked out can’t run next year,{'https://news.google.com/topics/articles/CBMiemh0dHBzOi8vd3d3Lm9wYi5vcmcvYXJ0aWNsZS8yMDIzLzA4LzA4L29yZWdvbi1wb2xpdGljcy13YWxrb3V0LXdhbGtvdXRzLW1lYXN1cmUtMTEzLXJlZWxlY3Rpb24tYm95Y290dC1zZW5hdG9ycy1sYXdtYWtlcnMv0gGJAWh0dHBzOi8vd3d3Lm9wYi5vcmcvYXJ0aWNsZS8yMDIzLzA4LzA4L29yZWdvbi1wb2xpdGljcy13YWxrb3V0LXdhbGtvdXRzLW1lYXN1cmUtMTEzLXJlZWxlY3Rpb24tYm95Y290dC1zZW5hdG9ycy1sYXdtYWtlcnMvP291dHB1dFR5cGU9YW1w?hl=en-US&gl=US&ceid=US%3Aen'},2023-08-08T23:48:45Z
Oregon Republicans disqualified from re-election after walkout vow legal action,{'https://news.google.com/topics/articles/CCAiC2lhZVhJUmpVdl9RmAEB?hl=en-US&gl=US&ceid=US%3Aen'},2023-08-09T02:05:40Z
Oregon lawmakers who participated in 2023 legislative walkout officially banned from reelection,{'https://news.google.com/topics/articles/CBMipAFodHRwczovL3d3dy5zdGF0ZXNtYW5qb3VybmFsLmNvbS9zdG9yeS9uZXdzL3BvbGl0aWNzL2VsZWN0aW9ucy8yMDIzLzA4LzA4L29yZWdvbi1sYXdtYWtlcnMtYmFubmVkLXJlZWxlY3Rpb24td2Fsa291dC1tZWFzdXJlLTExMy1sYXZvbm5lLWdyaWZmaW4tdmFsYWRlLzcwNTU0NTAyMDA3L9IBAA?hl=en-US&gl=US&ceid=US%3Aen'},2023-08-08T23:11:32Z
Secretary of State: Measure 113 disqualifies senators from 2024 reelection after walkout,{'https://news.google.com/topics/articles/CCAiC0ZkdzI0T1ZOcW9JmAEB?hl=en-US&gl=US&ceid=US%3Aen'},2023-08-09T00:28:59Z
Containment line planned for Black Feather Fire | Local News | santafenewmexican.com,{'https://news.google.com/topics/articles/CBMikwFodHRwczovL3d3dy5zYW50YWZlbmV3bWV4aWNhbi5jb20vbmV3cy9sb2NhbF9uZXdzL2NvbnRhaW5tZW50LWxpbmUtcGxhbm5lZC1mb3ItYmxhY2stZmVhdGhlci1maXJlL2FydGljbGVfZjQ1MjYxZDItMzVlNi0xMWVlLTgwYWMtYTMyYzc5ODUyNjMzLmh0bWzSAQA?hl=en-US&gl=US&ceid=US%3Aen'},2023-08-09T01:05:00Z
Two large wildfires burning in southwest Colorado,{'https://news.google.com/topics/articles/CBMihAFodHRwczovL3d3dy45bmV3cy5jb20vYXJ0aWNsZS9uZXdzL2xvY2FsL3dpbGRmaXJlL2NvbG9yYWRvLXdpbGRmaXJlcy1xdWFydHotcmlkZ2UtYmVhci1jcmVlay83My04NzBkMWQ5My0yMzgxLTQ4OTMtOGY0OS1mZjgwZjJmZjYyNWHSAYgBaHR0cHM6Ly93d3cuOW5ld3MuY29tL2FtcC9hcnRpY2xlL25ld3MvbG9jYWwvd2lsZGZpcmUvY29sb3JhZG8td2lsZGZpcmVzLXF1YXJ0ei1yaWRnZS1iZWFyLWNyZWVrLzczLTg3MGQxZDkzLTIzODEtNDg5My04ZjQ5LWZmODBmMmZmNjI1YQ?hl=en-US&gl=US&ceid=US%3Aen'},2023-08-08T19:41:00Z
"Black Feather Fire Now At 2500 Acres, 0 Percent Contained",{'https://news.google.com/topics/articles/CBMiUWh0dHBzOi8vbGFkYWlseXBvc3QuY29tL2JsYWNrLWZlYXRoZXItZmlyZS1ub3ctYXQtMjUwMC1hY3Jlcy0wLXBlcmNlbnQtY29udGFpbmVkL9IBAA?hl=en-US&gl=US&ceid=US%3Aen'},2023-08-08T14:56:43Z
"Residents, officials prepare for the worst as Black Feather Fire grows to 2500 acres",{'https://news.google.com/topics/articles/CBMiuAFodHRwczovL3d3dy5zYW50YWZlbmV3bWV4aWNhbi5jb20vbmV3cy9sb2NhbF9uZXdzL3Jlc2lkZW50cy1vZmZpY2lhbHMtcHJlcGFyZS1mb3ItdGhlLXdvcnN0LWFzLWJsYWNrLWZlYXRoZXItZmlyZS1ncm93cy10by0yLTUwMC1hY3Jlcy9hcnRpY2xlX2EwNjAzNjhjLTM1MzAtMTFlZS04OTNmLTRiMjEzOWQ1MDc3Mi5odG1s0gEA?hl=en-US&gl=US&ceid=US%3Aen'},2023-08-08T13:50:18Z
Judge rules that Southwest failed to follow his order in a flight attendant's free-speech case,{'https://news.google.com/topics/articles/CBMib2h0dHBzOi8vYXBuZXdzLmNvbS9hcnRpY2xlL3NvdXRod2VzdC1zYW5jdGlvbnMtbGF3c3VpdC1jb25zZXJ2YXRpdmUtY2hyaXN0aWFucy0yZTQ3NjNhYmNhOTUxZTJiMTUwZDkzZjEyODZjMDRiNdIBAA?hl=en-US&gl=US&ceid=US%3Aen'},2023-08-08T21:37:00Z
Federal judge orders Southwest Airlines attorneys to attend ‘religious-liberty training’ from conservative group,{'https://news.google.com/topics/articles/CBMiamh0dHBzOi8vd3d3LmNubi5jb20vMjAyMy8wOC8wOC9wb2xpdGljcy9zb3V0aHdlc3QtYWlybGluZXMtc2FuY3Rpb25zLWFsbGlhbmNlLWRlZmVuZGluZy1mcmVlZG9tL2luZGV4Lmh0bWzSAW5odHRwczovL2FtcC5jbm4uY29tL2Nubi8yMDIzLzA4LzA4L3BvbGl0aWNzL3NvdXRod2VzdC1haXJsaW5lcy1zYW5jdGlvbnMtYWxsaWFuY2UtZGVmZW5kaW5nLWZyZWVkb20vaW5kZXguaHRtbA?hl=en-US&gl=US&ceid=US%3Aen'},2023-08-08T22:07:00Z
Southwest will appeal judge's ruling requiring 'religious liberty training',{'https://news.google.com/topics/articles/CBMibmh0dHBzOi8vd3d3LnJldXRlcnMuY29tL2xlZ2FsL3VzLWp1ZGdlLW9yZGVycy1zb3V0aHdlc3QtbGF3eWVycy11bmRlcmdvLXJlbGlnaW91cy1saWJlcnR5LXRyYWluaW5nLTIwMjMtMDgtMDgv0gEA?hl=en-US&gl=US&ceid=US%3Aen'},2023-08-08T20:57:00Z
Texas Judge Orders Airline Lawyers to Take Training From Far-Right Hate Group,{'https://news.google.com/topics/articles/CBMibWh0dHBzOi8vbmV3cmVwdWJsaWMuY29tL3Bvc3QvMTc0OTA2L3RleGFzLWp1ZGdlLW9yZGVycy1haXJsaW5lLWxhd3llcnMtdGFrZS10cmFpbmluZy1mYXItcmlnaHQtaGF0ZS1ncm91cC1hZGbSAQA?hl=en-US&gl=US&ceid=US%3Aen'},2023-08-08T14:22:22Z
New York doctor is charged with drugging and assaulting patients,{'https://news.google.com/topics/articles/CBMiUWh0dHBzOi8vd3d3LmNubi5jb20vMjAyMy8wOC8wOC91cy9xdWVlbnMtZG9jdG9yLWNoYXJnZWQtc2V4dWFsLWFzc2F1bHQvaW5kZXguaHRtbNIBVWh0dHBzOi8vYW1wLmNubi5jb20vY25uLzIwMjMvMDgvMDgvdXMvcXVlZW5zLWRvY3Rvci1jaGFyZ2VkLXNleHVhbC1hc3NhdWx0L2luZGV4Lmh0bWw?hl=en-US&gl=US&ceid=US%3Aen'},2023-08-08T21:56:00Z
"New York doctor accused of sexually assaulting drugged patients, filming attacks",{'https://news.google.com/topics/articles/CBMiZ2h0dHBzOi8vd3d3LmZveG5ld3MuY29tL3VzL25ldy15b3JrLWRvY3Rvci1hY2N1c2VkLXNleHVhbGx5LWFzc2F1bHRpbmctZHJ1Z2dlZC1wYXRpZW50cy1maWxtaW5nLWF0dGFja3PSAWtodHRwczovL3d3dy5mb3huZXdzLmNvbS91cy9uZXcteW9yay1kb2N0b3ItYWNjdXNlZC1zZXh1YWxseS1hc3NhdWx0aW5nLWRydWdnZWQtcGF0aWVudHMtZmlsbWluZy1hdHRhY2tzLmFtcA?hl=en-US&gl=US&ceid=US%3Aen'},2023-08-08T21:28:00Z
NYC doctor Zhi Alan Cheng charged with drugging and raping women around the world - including in hospitals whe,{'https://news.google.com/topics/articles/CBMirQFodHRwczovL3d3dy5kYWlseW1haWwuY28udWsvbmV3cy9hcnRpY2xlLTEyMzgzMTIzL1lvdW5nLU5ZQy1kb2N0b3ItY2hhcmdlZC1yYXBpbmctdW5jb25zY2lvdXMtcGF0aWVudHMtZmlsbWluZy1naXJsZnJpZW5kLXdva2UtZHJ1Z2dlZC1mb290YWdlLXNleHVhbGx5LWFzc2F1bHRpbmctd29tZW4uaHRtbNIBsQFodHRwczovL3d3dy5kYWlseW1haWwuY28udWsvbmV3cy9hcnRpY2xlLTEyMzgzMTIzL2FtcC9Zb3VuZy1OWUMtZG9jdG9yLWNoYXJnZWQtcmFwaW5nLXVuY29uc2Npb3VzLXBhdGllbnRzLWZpbG1pbmctZ2lybGZyaWVuZC13b2tlLWRydWdnZWQtZm9vdGFnZS1zZXh1YWxseS1hc3NhdWx0aW5nLXdvbWVuLmh0bWw?hl=en-US&gl=US&ceid=US%3Aen'},2023-08-08T02:41:55Z
NYC doctor Zhi Alan Cheng facing over 20 sex crime charges after drugging and raping at least 6 women — and filming assaults,{'https://news.google.com/topics/articles/CBMiiAFodHRwczovL255cG9zdC5jb20vMjAyMy8wOC8wNy9yaXNpbmctcXVlZW5zLWRvY3Rvci1jaGFyZ2VkLXdpdGgtZHJ1Z2dpbmctYW5kLXJhcGluZy1hLXBhdGllbnQtYW5kLW51bWVyb3VzLXdvbWVuLXdoaWxlLWZpbG1pbmctYXNzYXVsdHMv0gGMAWh0dHBzOi8vbnlwb3N0LmNvbS8yMDIzLzA4LzA3L3Jpc2luZy1xdWVlbnMtZG9jdG9yLWNoYXJnZWQtd2l0aC1kcnVnZ2luZy1hbmQtcmFwaW5nLWEtcGF0aWVudC1hbmQtbnVtZXJvdXMtd29tZW4td2hpbGUtZmlsbWluZy1hc3NhdWx0cy9hbXAv?hl=en-US&gl=US&ceid=US%3Aen'},2023-08-07T23:32:00Z
Louisville hoarder Marc Hibel's house could be destroyed by a 'controlled burn' as mayor says it's too filthy,{'https://news.google.com/topics/articles/CBMiZGh0dHBzOi8vd3d3LmRhaWx5bWFpbC5jby51ay9uZXdzL2FydGljbGUtMTIzODY4NjUvTG91aXN2aWxsZS1ob2FyZGVyLU1hcmMtSGliZWwtY29udHJvbGxlZC1idXJuLmh0bWzSAWhodHRwczovL3d3dy5kYWlseW1haWwuY28udWsvbmV3cy9hcnRpY2xlLTEyMzg2ODY1L2FtcC9Mb3Vpc3ZpbGxlLWhvYXJkZXItTWFyYy1IaWJlbC1jb250cm9sbGVkLWJ1cm4uaHRtbA?hl=en-US&gl=US&ceid=US%3Aen'},2023-08-08T23:55:03Z
Highview man petitions judge to prevent city from doing controlled burn of his home,{'https://news.google.com/topics/articles/CCAiC2NjblVCVFFTV1RNmAEB?hl=en-US&gl=US&ceid=US%3Aen'},2023-08-09T01:29:49Z
City responds to community concerns of Applegate Lane hoarder house controlled burn,{'https://news.google.com/topics/articles/CBMib2h0dHBzOi8vd3d3LndhdmUzLmNvbS8yMDIzLzA4LzA4L2NpdHktcmVzcG9uZHMtY29tbXVuaXR5LWNvbmNlcm5zLWFwcGxlZ2F0ZS1sYW5lLWhvYXJkZXItaG91c2UtY29udHJvbGxlZC1idXJuL9IBAA?hl=en-US&gl=US&ceid=US%3Aen'},2023-08-08T03:35:00Z
"Attorney files motion to stop city from burning down Highview home where explosives, dangerous chemicals found",{'https://news.google.com/topics/articles/CBMiswFodHRwczovL3d3dy53ZHJiLmNvbS9uZXdzL2F0dG9ybmV5LWZpbGVzLW1vdGlvbi10by1zdG9wLWNpdHktZnJvbS1idXJuaW5nLWRvd24taGlnaHZpZXctaG9tZS13aGVyZS1leHBsb3NpdmVzLWRhbmdlcm91cy1jaGVtaWNhbHMvYXJ0aWNsZV8wMGZiY2E5Yy0zNjNhLTExZWUtODI5YS01N2QxYjJiNzAwNTkuaHRtbNIBAA?hl=en-US&gl=US&ceid=US%3Aen'},2023-08-08T22:22:00Z
1 killed in shooting outside BART station,{'https://news.google.com/topics/articles/CCAiCzlhLTNxZkRfWHg0mAEB?hl=en-US&gl=US&ceid=US%3Aen'},2023-08-08T23:13:53Z
"Man fatally shot near Oakland's Lake Merritt BART station; suspect taken into custody, police say",{'https://news.google.com/topics/articles/CBMiY2h0dHBzOi8vYWJjN25ld3MuY29tL29ha2xhbmQtc2hvb3RpbmctbGFrZS1tZXJyaXR0LWJhcnQtc3RhdGlvbi04dGgtc3RyZWV0LWFuZC1vYWstcG9saWNlLzEzNjE5NjkwL9IBZ2h0dHBzOi8vYWJjN25ld3MuY29tL2FtcC9vYWtsYW5kLXNob290aW5nLWxha2UtbWVycml0dC1iYXJ0LXN0YXRpb24tOHRoLXN0cmVldC1hbmQtb2FrLXBvbGljZS8xMzYxOTY5MC8?hl=en-US&gl=US&ceid=US%3Aen'},2023-08-08T23:48:45Z
Police investigating fatal shooting at BART's Oakland Lake Merritt station,{'https://news.google.com/topics/articles/CBMid2h0dHBzOi8vd3d3Lmt0dnUuY29tL25ld3MvcG9saWNlLWludmVzdGlnYXRpbmctZmF0YWwtc2hvb3RpbmctYmFydC10cmFpbnMtbm90LXN0b3BwaW5nLWF0LW9ha2xhbmRzLWxha2UtbWVycml0dC1zdGF0aW9u0gF7aHR0cHM6Ly93d3cua3R2dS5jb20vbmV3cy9wb2xpY2UtaW52ZXN0aWdhdGluZy1mYXRhbC1zaG9vdGluZy1iYXJ0LXRyYWlucy1ub3Qtc3RvcHBpbmctYXQtb2FrbGFuZHMtbGFrZS1tZXJyaXR0LXN0YXRpb24uYW1w?hl=en-US&gl=US&ceid=US%3Aen'},2023-08-08T22:15:45Z
"Man fatally shot near Lake Merritt BART station, officials say",{'https://news.google.com/topics/articles/CBMiY2h0dHBzOi8vd3d3LnNmZ2F0ZS5jb20vYmF5YXJlYS9hcnRpY2xlL21hbi1mYXRhbGx5LXNob3QtbmVhci1sYWtlLW1lcnJpdHQtYmFydC1zdGF0aW9uLTE4Mjg2MjQ0LnBocNIBAA?hl=en-US&gl=US&ceid=US%3Aen'},2023-08-09T00:30:15Z
Construction workers to see pay boost under wage-rule rewrite,{'https://news.google.com/topics/articles/CBMicmh0dHBzOi8vd3d3LnBvbGl0aWNvLmNvbS9uZXdzLzIwMjMvMDgvMDgvY29uc3RydWN0aW9uLXdvcmtlcnMtY291bGQtc2VlLXBheS1ib29zdC11bmRlci13YWdlLXJ1bGUtcmV3cml0ZS0wMDExMDIwMdIBAA?hl=en-US&gl=US&ceid=US%3Aen'},2023-08-09T01:01:00Z
Harris says new rule means 'thousands of dollars' for workers on federal construction projects,{'https://news.google.com/topics/articles/CBMibGh0dHBzOi8vYXBuZXdzLmNvbS9hcnRpY2xlL2hhcnJpcy1jb25zdHJ1Y3Rpb24tam9icy13YWdlcy1sYWJvci1kYXZpcy1iYWNvbi0zMTIzYmRmNWEwZDkzNjE4YWZkNzQ3OTExZmVlZGIzNdIBAA?hl=en-US&gl=US&ceid=US%3Aen'},2023-08-08T17:19:00Z
Biden admin announces rule change to raise construction worker pay,{'https://news.google.com/topics/articles/CCAiC1JkU1dNc3hrbi1zmAEB?hl=en-US&gl=US&ceid=US%3Aen'},2023-08-08T20:31:54Z
Harris says new rule means 'thousands of dollars' for workers on federal construction projects,{'https://news.google.com/topics/articles/CBMiSGh0dHBzOi8vbmV3cy55YWhvby5jb20vaGFycmlzLWFubm91bmNlLXJ1bGUtcmFpc2VzLXdvcmtlci0xMzAwMjY1MDYuaHRtbNIBUGh0dHBzOi8vbmV3cy55YWhvby5jb20vYW1waHRtbC9oYXJyaXMtYW5ub3VuY2UtcnVsZS1yYWlzZXMtd29ya2VyLTEzMDAyNjUwNi5odG1s?hl=en-US&gl=US&ceid=US%3Aen'},2023-08-08T17:19:27Z
"45-Year Sentence for Otoniel, Who Ran a Colombian Drug Cartel",{'https://news.google.com/topics/articles/CBMiVGh0dHBzOi8vd3d3Lm55dGltZXMuY29tLzIwMjMvMDgvMDgvbnlyZWdpb24vb3RvbmllbC1kcnVnLXRyYWZmaWNraW5nLXNlbnRlbmNpbmcuaHRtbNIBAA?hl=en-US&gl=US&ceid=US%3Aen'},2023-08-08T21:11:27Z
"Once Colombia's most-wanted drug lord, the kingpin known as Otoniel gets 45 years in prison in US",{'https://news.google.com/topics/articles/CBMiRWh0dHBzOi8vbmV3cy55YWhvby5jb20vb25jZS1jb2xvbWJpYXMtbW9zdC13YW50ZWQtZHJ1Zy0wNTA3MDM4NzUuaHRtbNIBTWh0dHBzOi8vbmV3cy55YWhvby5jb20vYW1waHRtbC9vbmNlLWNvbG9tYmlhcy1tb3N0LXdhbnRlZC1kcnVnLTA1MDcwMzg3NS5odG1s?hl=en-US&gl=US&ceid=US%3Aen'},2023-08-08T20:16:44Z
Colombian drug lord 'more prolific' than Pablo Escobar sentenced to 45 years in prison -- ordered to pay $216M,{'https://news.google.com/topics/articles/CBMiWmh0dHBzOi8vbnlwb3N0LmNvbS8yMDIzLzA4LzA4L255LWp1ZGdlLXNlbnRlbmNlcy1wcm9saWZpYy1jb2xvbWJpYW4tZHJ1Zy1sb3JkLXRvLTQ1LXllYXJzL9IBXmh0dHBzOi8vbnlwb3N0LmNvbS8yMDIzLzA4LzA4L255LWp1ZGdlLXNlbnRlbmNlcy1wcm9saWZpYy1jb2xvbWJpYW4tZHJ1Zy1sb3JkLXRvLTQ1LXllYXJzL2FtcC8?hl=en-US&gl=US&ceid=US%3Aen'},2023-08-08T22:28:00Z
"Otoniel, Colombian kingpin called ""the most dangerous drug trafficker in the world,"" gets 45 years in U.S. prison",{'https://news.google.com/topics/articles/CBMifmh0dHBzOi8vd3d3LmNic25ld3MuY29tL25ld3Mvb3RvbmllbC1tb3N0LWRhbmdlcm91cy1kcnVnLXRyYWZmaWNrZXItaW4td29ybGQtc2VudGVuY2VkLTQ1LXllYXJzLXVzLXByaXNvbi1kYWlyby1hbnRvbmlvLXVzdWdhL9IBggFodHRwczovL3d3dy5jYnNuZXdzLmNvbS9hbXAvbmV3cy9vdG9uaWVsLW1vc3QtZGFuZ2Vyb3VzLWRydWctdHJhZmZpY2tlci1pbi13b3JsZC1zZW50ZW5jZWQtNDUteWVhcnMtdXMtcHJpc29uLWRhaXJvLWFudG9uaW8tdXN1Z2Ev?hl=en-US&gl=US&ceid=US%3Aen'},2023-08-08T18:17:30Z
"2 dead, 200K without power after severe weather outbreak slams East with hurricane-force wind gusts",{'https://news.google.com/topics/articles/CBMiX2h0dHBzOi8vd3d3LmZveHdlYXRoZXIuY29tL3dlYXRoZXItbmV3cy9zZXZlcmUtd2VhdGhlci1vdXRicmVhay1ub3J0aGVhc3Qtc291dGhlYXN0LWF1Z3VzdC0yMDIz0gFjaHR0cHM6Ly93d3cuZm94d2VhdGhlci5jb20vd2VhdGhlci1uZXdzL3NldmVyZS13ZWF0aGVyLW91dGJyZWFrLW5vcnRoZWFzdC1zb3V0aGVhc3QtYXVndXN0LTIwMjMuYW1w?hl=en-US&gl=US&ceid=US%3Aen'},2023-08-08T15:45:00Z
Tens of thousands still without power after deadly storms as a new wave of severe weather and flooding hits,{'https://news.google.com/topics/articles/CBMiT2h0dHBzOi8vd3d3LmNubi5jb20vMjAyMy8wOC8wOC93ZWF0aGVyL2Vhc3QtdXMtc2V2ZXJlLXN0b3Jtcy10dWVzZGF5L2luZGV4Lmh0bWzSAVNodHRwczovL2FtcC5jbm4uY29tL2Nubi8yMDIzLzA4LzA4L3dlYXRoZXIvZWFzdC11cy1zZXZlcmUtc3Rvcm1zLXR1ZXNkYXkvaW5kZXguaHRtbA?hl=en-US&gl=US&ceid=US%3Aen'},2023-08-09T00:23:00Z
"Tornado watches, severe weather cause thousands of flight delays on the East Coast",{'https://news.google.com/topics/articles/CCAiC282NGVJbngtclNJmAEB?hl=en-US&gl=US&ceid=US%3Aen'},2023-08-08T04:02:15Z
UPDATED: Federal government offices closing early; tornado watch issued for entire D.C. area,{'https://news.google.com/topics/articles/CBMisAFodHRwczovL3d3dy5pbnNpZGVub3ZhLmNvbS9oZWFkbGluZXMvdXBkYXRlZC1mZWRlcmFsLWdvdmVybm1lbnQtb2ZmaWNlcy1jbG9zaW5nLWVhcmx5LXRvcm5hZG8td2F0Y2gtaXNzdWVkLWZvci1lbnRpcmUtZC1jLWFyZWEvYXJ0aWNsZV82ZWQ5ZGY0ZS0zNTRiLTExZWUtODIxNi1hYmNkY2Q4YzZhYzAuaHRtbNIBAA?hl=en-US&gl=US&ceid=US%3Aen'},2023-08-07T17:54:00Z
‘Only something a Trump lawyer could make up’: 1/6 coup plot architect fights against disbarment,{'https://news.google.com/topics/articles/CCAiCzQyN1ZXLWs0S2g4mAEB?hl=en-US&gl=US&ceid=US%3Aen'},2023-08-08T23:00:03Z
Trump ‘shows no signs’ of obeying judge’s orders as Special Counsel asks for protection,{'https://news.google.com/topics/articles/CCAiC1BEMERDbWJnVU9RmAEB?hl=en-US&gl=US&ceid=US%3Aen'},2023-08-08T22:30:03Z
Trump judge in docs case makes misguided argument curiously similar to Fox News guest: Weissmann,{'https://news.google.com/topics/articles/CCAiCzBBQ2N5bVNja29JmAEB?hl=en-US&gl=US&ceid=US%3Aen'},2023-08-09T03:30:00Z
'Full mob boss': Trump slammed for threatening retribution,{'https://news.google.com/topics/articles/CCAiC0FhMTEyMGJ2NkJVmAEB?hl=en-US&gl=US&ceid=US%3Aen'},2023-08-07T23:00:04Z
"July was Earth's hottest month on record, Florida's hottest July",{'https://news.google.com/topics/articles/CBMiZmh0dHBzOi8vd3d3LnVzYXRvZGF5LmNvbS9zdG9yeS9uZXdzL25hdGlvbi8yMDIzLzA4LzA4L2p1bHktZWFydGhzLWhvdHRlc3QtbW9udGgtb24tcmVjb3JkLzcwNTQ3MDk2MDA3L9IBAA?hl=en-US&gl=US&ceid=US%3Aen'},2023-08-08T20:29:58Z
Earth Just Had Its Hottest Month Ever. How Six Cities Are Coping.,{'https://news.google.com/topics/articles/CBMiU2h0dHBzOi8vd3d3Lndzai5jb20vYXJ0aWNsZXMvanVseS0yMDIzLWhvdHRlc3QtbW9udGgtcmVjb3JkLWNsaW1hdGUtY2hhbmdlLTVlNWIzMDk30gEA?hl=en-US&gl=US&ceid=US%3Aen'},2023-08-08T20:40:00Z
July 2023 hottest month ever recorded on Earth | DW News,{'https://news.google.com/topics/articles/CCAiC21mQmZ5NVUwdDJZmAEB?hl=en-US&gl=US&ceid=US%3Aen'},2023-08-08T22:45:01Z
Summer high temperatures result of climate change and sea level change,{'https://news.google.com/topics/articles/CBMikAFodHRwczovL3d3dy5zYXZhbm5haG5vdy5jb20vc3Rvcnkvb3Bpbmlvbi9jb2x1bW5zLzIwMjMvMDgvMDcvc3VtbWVyLWhpZ2gtdGVtcGVyYXR1cmVzLXJlc3VsdC1vZi1jbGltYXRlLWNoYW5nZS1hbmQtc2VhLWxldmVsLWNoYW5nZS83MDUyMzcxMDAwNy_SAQA?hl=en-US&gl=US&ceid=US%3Aen'},2023-08-07T10:00:45Z
Tampa area school district restricts Shakespeare to excerpts in class,{'https://news.google.com/topics/articles/CBMiU2h0dHBzOi8vd3d3Lm5wci5vcmcvMjAyMy8wOC8wOC8xMTkyNzY3NjQxL3NoYWtlc3BlYXJlLWZsb3JpZGEtZXhjZXJwdHMtZG9udC1zYXktZ2F50gEA?hl=en-US&gl=US&ceid=US%3Aen'},2023-08-08T21:10:23Z
Concerns over sex content leads Florida schools to pull Shakespeare,{'https://news.google.com/topics/articles/CBMidGh0dHBzOi8vd3d3LnRhbXBhYmF5LmNvbS9uZXdzL2VkdWNhdGlvbi8yMDIzLzA4LzA4L2NvbmNlcm5zLW92ZXItc2V4LWNvbnRlbnQtbGVhZHMtZmxvcmlkYS1zY2hvb2xzLXB1bGwtc2hha2VzcGVhcmUv0gEA?hl=en-US&gl=US&ceid=US%3Aen'},2023-08-08T10:52:30Z
Shakespeare and penguin book get caught in Florida's 'Don't Say Gay' laws,{'https://news.google.com/topics/articles/CBMiTGh0dHBzOi8vbmV3cy55YWhvby5jb20vZmxvcmlkYS1zY2hvb2wtYm9hcmQtcmV2ZXJzZXMtZGVjaXNpb24tMTExOTUyNzI5Lmh0bWzSAVRodHRwczovL25ld3MueWFob28uY29tL2FtcGh0bWwvZmxvcmlkYS1zY2hvb2wtYm9hcmQtcmV2ZXJzZXMtZGVjaXNpb24tMTExOTUyNzI5Lmh0bWw?hl=en-US&gl=US&ceid=US%3Aen'},2023-08-08T23:45:12Z
"Florida School District Claims Shakespeare Runs Afoul of State Law, But State Education Department Explicitly Suggests His Plays",{'https://news.google.com/topics/articles/CBMiqAFodHRwczovL3d3dy5uYXRpb25hbHJldmlldy5jb20vbmV3cy9mbG9yaWRhLXNjaG9vbC1kaXN0cmljdC1jbGFpbXMtc2hha2VzcGVhcmUtcnVucy1hZm91bC1vZi1zdGF0ZS1sYXctYnV0LXRoZS1zdGF0ZS1lZHVjYXRpb24tZGVwYXJ0bWVudC1leHBsaWNpdGx5LXN1Z2dlc3RzLWhpcy1wbGF5cy_SAQA?hl=en-US&gl=US&ceid=US%3Aen'},2023-08-08T22:19:47Z
Missing Bay Area teen's car found in Santa Cruz Mountains,{'https://news.google.com/topics/articles/CBMiY2h0dHBzOi8vd3d3LnNmZ2F0ZS5jb20vYmF5YXJlYS9hcnRpY2xlL21pc3NpbmctY2EtdGVlbi1rYXRoZXJpbmUtc2NobmVpZGVyLXMtY2FyLWZvdW5kLTE4Mjg2MDI5LnBocNIBAA?hl=en-US&gl=US&ceid=US%3Aen'},2023-08-08T22:55:35Z
Missing Saratoga teen's car located in Santa Cruz Mountains,{'https://news.google.com/topics/articles/CBMiYGh0dHBzOi8vd3d3LmtzYncuY29tL2FydGljbGUvbWlzc2luZy1zYXJhdG9nYS10ZWVucy1jYXItbG9jYXRlZC1pbi1zYW50YS1jcnV6LW1vdW50YWlucy80NDc2NjU3N9IBZGh0dHBzOi8vd3d3LmtzYncuY29tL2FtcC9hcnRpY2xlL21pc3Npbmctc2FyYXRvZ2EtdGVlbnMtY2FyLWxvY2F0ZWQtaW4tc2FudGEtY3J1ei1tb3VudGFpbnMvNDQ3NjY1Nzc?hl=en-US&gl=US&ceid=US%3Aen'},2023-08-08T23:16:00Z
Missing Saratoga teen Katherine Schneider’s car found on Skyline Boulevard,{'https://news.google.com/topics/articles/CBMibmh0dHBzOi8vd3d3Lmtyb240LmNvbS9uZXdzL2JheS1hcmVhL21pc3Npbmctc2FyYXRvZ2EtdGVlbi1rYXRoZXJpbmUtc2NobmVpZGVycy1jYXItZm91bmQtb24tc2t5bGluZS1ib3VsZXZhcmQv0gFyaHR0cHM6Ly93d3cua3JvbjQuY29tL25ld3MvYmF5LWFyZWEvbWlzc2luZy1zYXJhdG9nYS10ZWVuLWthdGhlcmluZS1zY2huZWlkZXJzLWNhci1mb3VuZC1vbi1za3lsaW5lLWJvdWxldmFyZC9hbXAv?hl=en-US&gl=US&ceid=US%3Aen'},2023-08-08T21:52:06Z
"Katie Schneider's car found, but Saratoga teen remains missing",{'https://news.google.com/topics/articles/CBMiWmh0dHBzOi8vd3d3Lmt0dnUuY29tL25ld3Mvc2FyYXRvZ2EtdGVlbi1rYXRpZS1zY2huZWlkZXJzLWNhci1mb3VuZC1idXQtc2hlLXJlbWFpbnMtbWlzc2luZ9IBXmh0dHBzOi8vd3d3Lmt0dnUuY29tL25ld3Mvc2FyYXRvZ2EtdGVlbi1rYXRpZS1zY2huZWlkZXJzLWNhci1mb3VuZC1idXQtc2hlLXJlbWFpbnMtbWlzc2luZy5hbXA?hl=en-US&gl=US&ceid=US%3Aen'},2023-08-08T17:18:44Z
Border officers fire pepper balls at migrants attempting mass entry,{'https://news.google.com/topics/articles/CCAiC2kyVjliSGxGUHgwmAEB?hl=en-US&gl=US&ceid=US%3Aen'},2023-08-09T00:13:42Z
Texas man on trip to spread father's ashes dies of heat stroke in Utah's Arches National Park,{'https://news.google.com/topics/articles/CBMiW2h0dHBzOi8vYWJjbmV3cy5nby5jb20vVVMvd2lyZVN0b3J5L3RleGFzLW1hbi10cmlwLXNwcmVhZC1mYXRoZXJzLWFzaGVzLWRpZXMtaGVhdC0xMDIxMDg4NzDSAV9odHRwczovL2FiY25ld3MuZ28uY29tL2FtcC9VUy93aXJlU3RvcnkvdGV4YXMtbWFuLXRyaXAtc3ByZWFkLWZhdGhlcnMtYXNoZXMtZGllcy1oZWF0LTEwMjEwODg3MA?hl=en-US&gl=US&ceid=US%3Aen'},2023-08-08T18:44:12Z
"Man dies of heatstroke on trip to spread father's ashes in US, sister says",{'https://news.google.com/topics/articles/CBMiMWh0dHBzOi8vd3d3LmJiYy5jb20vbmV3cy93b3JsZC11cy1jYW5hZGEtNjY0NDU3NzjSATVodHRwczovL3d3dy5iYmMuY29tL25ld3Mvd29ybGQtdXMtY2FuYWRhLTY2NDQ1Nzc4LmFtcA?hl=en-US&gl=US&ceid=US%3Aen'},2023-08-08T21:08:04Z
Man dies of heat stroke while on trip to spread dad's ashes at Arches National park,{'https://news.google.com/topics/articles/CBMib2h0dHBzOi8vd3d3Lm5iY25ld3MuY29tL25ld3MvdXMtbmV3cy9tYW4tZGllcy1oZWF0LXN0cm9rZS10cmlwLXNwcmVhZC1kYWRzLWFzaGVzLWFyY2hlcy1uYXRpb25hbC1wYXJrLXJjbmE5ODg0NdIBKmh0dHBzOi8vd3d3Lm5iY25ld3MuY29tL25ld3MvYW1wL3JjbmE5ODg0NQ?hl=en-US&gl=US&ceid=US%3Aen'},2023-08-08T18:36:45Z
Texas man on trip to spread father's ashes dies of heat stroke in Utah's Arches National Park,{'https://news.google.com/topics/articles/CBMihAFodHRwczovL3d3dy5mb3gxM25vdy5jb20vbmV3cy9sb2NhbC1uZXdzL3RleGFzLW1hbi1vbi10cmlwLXRvLXNwcmVhZC1mYXRoZXJzLWFzaGVzLWRpZXMtb2YtaGVhdC1zdHJva2UtaW4tdXRhaHMtYXJjaGVzLW5hdGlvbmFsLXBhcmvSAQA?hl=en-US&gl=US&ceid=US%3Aen'},2023-08-08T19:49:11Z
San Carlos Home Depot guard shoots suspected shoplifter during scuffle,{'https://news.google.com/topics/articles/CCAiC2taRjY2amZaXzhrmAEB?hl=en-US&gl=US&ceid=US%3Aen'},2023-08-09T00:28:55Z
Alleged thief shot by Bay Area Home Depot security guard,{'https://news.google.com/topics/articles/CCAiC2FocjJtRWJ1c2hnmAEB?hl=en-US&gl=US&ceid=US%3Aen'},2023-08-08T20:01:16Z
Robbery suspect shot at San Carlos Home Depot after assaulting security guard: Sheriff's office,{'https://news.google.com/topics/articles/CBMid2h0dHBzOi8vYWJjN25ld3MuY29tL3Nhbi1jYXJsb3Mtc2hvcGxpZnRpbmctc3VzcGVjdC1ob21lLWRlcG90LXNob290aW5nLXJvYmJlcnktbWF0ZW8tY291bnRyeS1zaGVyaWZmcy1vZmZpY2UvMTM2MTg0NjEv0gF7aHR0cHM6Ly9hYmM3bmV3cy5jb20vYW1wL3Nhbi1jYXJsb3Mtc2hvcGxpZnRpbmctc3VzcGVjdC1ob21lLWRlcG90LXNob290aW5nLXJvYmJlcnktbWF0ZW8tY291bnRyeS1zaGVyaWZmcy1vZmZpY2UvMTM2MTg0NjEv?hl=en-US&gl=US&ceid=US%3Aen'},2023-08-09T00:22:30Z
Home Depot guard shoots suspected shoplifter in San Carlos,{'https://news.google.com/topics/articles/CBMiX2h0dHBzOi8vd3d3Lmtyb240LmNvbS9uZXdzL2JheS1hcmVhL2hvbWUtZGVwb3QtZ3VhcmQtc2hvb3RzLXN1c3BlY3RlZC1zaG9wbGlmdGVyLWluLXNhbi1jYXJsb3Mv0gFjaHR0cHM6Ly93d3cua3JvbjQuY29tL25ld3MvYmF5LWFyZWEvaG9tZS1kZXBvdC1ndWFyZC1zaG9vdHMtc3VzcGVjdGVkLXNob3BsaWZ0ZXItaW4tc2FuLWNhcmxvcy9hbXAv?hl=en-US&gl=US&ceid=US%3Aen'},2023-08-08T17:55:06Z
China hacking Japan’s defense network could be part of a sweeping ‘espionage 101 campaign’,{'https://news.google.com/topics/articles/CCAiC2JEdGlWTHB0bUxVmAEB?hl=en-US&gl=US&ceid=US%3Aen'},2023-08-08T20:00:19Z
Analysis | China's hacking of Japan's defense networks 'was bad — shockingly bad',{'https://news.google.com/topics/articles/CBMicWh0dHBzOi8vd3d3Lndhc2hpbmd0b25wb3N0LmNvbS9wb2xpdGljcy8yMDIzLzA4LzA4L2NoaW5hcy1oYWNraW5nLWphcGFucy1kZWZlbnNlLW5ldHdvcmtzLXdhcy1iYWQtc2hvY2tpbmdseS1iYWQv0gEA?hl=en-US&gl=US&ceid=US%3Aen'},2023-08-08T14:22:00Z
"US warned Japan that China was hacking its defence networks, officials say",{'https://news.google.com/topics/articles/CBMiiQFodHRwczovL3d3dy5zY21wLmNvbS9uZXdzL3dvcmxkL3VuaXRlZC1zdGF0ZXMtY2FuYWRhL2FydGljbGUvMzIzMDQ0NS91cy13YXJuZWQtamFwYW4tY2hpbmEtd2FzLWhhY2tpbmctaXRzLWRlZmVuY2UtbmV0d29ya3Mtb2ZmaWNpYWxzLXNhedIBiQFodHRwczovL2FtcC5zY21wLmNvbS9uZXdzL3dvcmxkL3VuaXRlZC1zdGF0ZXMtY2FuYWRhL2FydGljbGUvMzIzMDQ0NS91cy13YXJuZWQtamFwYW4tY2hpbmEtd2FzLWhhY2tpbmctaXRzLWRlZmVuY2UtbmV0d29ya3Mtb2ZmaWNpYWxzLXNheQ?hl=en-US&gl=US&ceid=US%3Aen'},2023-08-08T22:19:37Z
Chinese cyberattack on vital Japanese defence networks | Latest World News | WION,{'https://news.google.com/topics/articles/CCAiC3ducVRDWEx3c3JnmAEB?hl=en-US&gl=US&ceid=US%3Aen'},2023-08-08T13:48:48Z
Florida heat wave: What is an excessive heat warning?,{'https://news.google.com/topics/articles/CBMiYmh0dHBzOi8vd3d3LnVzYXRvZGF5LmNvbS9zdG9yeS9uZXdzL3dlYXRoZXIvMjAyMy8wOC8wOC9mbG9yaWRhLWV4Y2Vzc2l2ZS1oZWF0LXdhcm5pbmcvNzA1NTAzMzkwMDcv0gEA?hl=en-US&gl=US&ceid=US%3Aen'},2023-08-08T15:53:59Z
"Weather: Extreme heat continues, but maybe some relief in sight",{'https://news.google.com/topics/articles/CCAiCy1INFk0aUZRTHJnmAEB?hl=en-US&gl=US&ceid=US%3Aen'},2023-08-08T22:38:10Z
South Florida under record-breaking excess heat warning,{'https://news.google.com/topics/articles/CBMilAFodHRwczovL3d3dy5zdW4tc2VudGluZWwuY29tLzIwMjMvMDgvMDgvdGhlcmVzLW5vLXJlYWwtcmVsaWVmLWluLXNpZ2h0LW5lYXJseS1hbGwtb2Ytc291dGgtZmxvcmlkYS11bmRlci1leGNlc3NpdmUtaGVhdC13YXJuaW5nLWZvci1maXJzdC10aW1lLWV2ZXIv0gEA?hl=en-US&gl=US&ceid=US%3Aen'},2023-08-08T21:27:21Z
Heat relief tips,{'https://news.google.com/topics/articles/CCAiC1FFYzZnOHpMeDBZmAEB?hl=en-US&gl=US&ceid=US%3Aen'},2023-08-08T21:14:42Z
Teenage cousin of Uvalde school shooter arrested after threatening to do 'the same thing',{'https://news.google.com/topics/articles/CBMidGh0dHBzOi8vd3d3Lm5iY25ld3MuY29tL25ld3MvdXMtbmV3cy90ZWVuYWdlLWNvdXNpbi11dmFsZGUtdGV4YXMtc2Nob29sLXNob290ZXItYXJyZXN0ZWQtdGhyZWF0ZW5pbmctdGhpbmctcmNuYTk4Nzcy0gEqaHR0cHM6Ly93d3cubmJjbmV3cy5jb20vbmV3cy9hbXAvcmNuYTk4Nzcy?hl=en-US&gl=US&ceid=US%3Aen'},2023-08-08T17:05:25Z
Cousin of Uvalde shooter arrested after allegedly threatening to ‘do the same thing’,{'https://news.google.com/topics/articles/CCAiCzlUY0RhM2Q2OUVJmAEB?hl=en-US&gl=US&ceid=US%3Aen'},2023-08-08T17:45:21Z
"Teenage cousin of Uvalde school shooter is arrested, accused of threatening to ‘do the same thing’ to a school",{'https://news.google.com/topics/articles/CBMiX2h0dHBzOi8vd3d3LmNubi5jb20vMjAyMy8wOC8wOC91cy91dmFsZGUtc2hvb3Rlci1jb3VzaW4tYXJyZXN0ZWQtdGhyZWF0cy1uYXRoYW4tY3J1ei9pbmRleC5odG1s0gFjaHR0cHM6Ly9hbXAuY25uLmNvbS9jbm4vMjAyMy8wOC8wOC91cy91dmFsZGUtc2hvb3Rlci1jb3VzaW4tYXJyZXN0ZWQtdGhyZWF0cy1uYXRoYW4tY3J1ei9pbmRleC5odG1s?hl=en-US&gl=US&ceid=US%3Aen'},2023-08-08T18:29:00Z
Reports: Cousin of Uvalde gunman arrested after threatening San Antonio school,{'https://news.google.com/topics/articles/CBMicWh0dHBzOi8vd3d3LnZhbGxleWNlbnRyYWwuY29tL25ld3MvcmVwb3J0cy1jb3VzaW4tb2YtdXZhbGRlLWd1bm1hbi1hcnJlc3RlZC1hZnRlci10aHJlYXRlbmluZy1zYW4tYW50b25pby1zY2hvb2wv0gF1aHR0cHM6Ly93d3cudmFsbGV5Y2VudHJhbC5jb20vbmV3cy9yZXBvcnRzLWNvdXNpbi1vZi11dmFsZGUtZ3VubWFuLWFycmVzdGVkLWFmdGVyLXRocmVhdGVuaW5nLXNhbi1hbnRvbmlvLXNjaG9vbC9hbXAv?hl=en-US&gl=US&ceid=US%3Aen'},2023-08-08T16:13:26Z
Woman arrested in alleged Russian plot to assassinate Zelenskyy ‘was hiding in plain sight’,{'https://news.google.com/topics/articles/CCAiC0YyakJMWmNfcHZnmAEB?hl=en-US&gl=US&ceid=US%3Aen'},2023-08-08T19:30:03Z
Ukraine arrests woman accused of plotting Zelenskyy's assassination,{'https://news.google.com/topics/articles/CBMiP2h0dHBzOi8vd3d3LmZ0LmNvbS9jb250ZW50LzRkODFmN2I1LTMzZDMtNDcxOC1iMmNlLTUzMzZkZjEwOWU0N9IBAA?hl=en-US&gl=US&ceid=US%3Aen'},2023-08-08T16:10:02Z
Ukraine claims to uncover sleeper cell of female spies working for Russia,{'https://news.google.com/topics/articles/CBMiW2h0dHBzOi8vbnlwb3N0LmNvbS8yMDIzLzA4LzA4L3VrcmFpbmUtY2xhaW1zLXRvLXVuY292ZXItZmVtYWxlLXNweS1yaW5nLXdvcmtpbmctZm9yLXJ1c3NpYS_SAV9odHRwczovL255cG9zdC5jb20vMjAyMy8wOC8wOC91a3JhaW5lLWNsYWltcy10by11bmNvdmVyLWZlbWFsZS1zcHktcmluZy13b3JraW5nLWZvci1ydXNzaWEvYW1wLw?hl=en-US&gl=US&ceid=US%3Aen'},2023-08-08T17:24:00Z
Woman arrested for allegedly plotting to help assassinate Zelenskyy,{'https://news.google.com/topics/articles/CCAiC0d2UEtSdkUtMUpFmAEB?hl=en-US&gl=US&ceid=US%3Aen'},2023-08-07T23:37:05Z
Tomorrow's forecast: Sunny with a chance of Biden,{'https://news.google.com/topics/articles/CBMie2h0dHBzOi8vd3d3LnBvbGl0aWNvLmNvbS9uZXdzbGV0dGVycy93ZXN0LXdpbmctcGxheWJvb2svMjAyMy8wOC8wOC90b21vcnJvd3MtZm9yZWNhc3Qtc3Vubnktd2l0aC1hLWNoYW5jZS1vZi1iaWRlbi0wMDExMDI5N9IBAA?hl=en-US&gl=US&ceid=US%3Aen'},2023-08-08T21:21:24Z
"UC Davis stabbings suspect deemed not competent to stand trial, will be transferred to state hospital",{'https://news.google.com/topics/articles/CBMiY2h0dHBzOi8vd3d3LmNubi5jb20vMjAyMy8wOC8wOC91cy9jYWxpZm9ybmlhLWRhdmlzLXN0YWJiaW5ncy1zdXNwZWN0LW5vdC1jb21wZXRlbnQtdHJpYWwvaW5kZXguaHRtbNIBZ2h0dHBzOi8vYW1wLmNubi5jb20vY25uLzIwMjMvMDgvMDgvdXMvY2FsaWZvcm5pYS1kYXZpcy1zdGFiYmluZ3Mtc3VzcGVjdC1ub3QtY29tcGV0ZW50LXRyaWFsL2luZGV4Lmh0bWw?hl=en-US&gl=US&ceid=US%3Aen'},2023-08-08T21:16:00Z
"UC Davis stabbings suspect isn’t competent to stand trial, psychologist tells court",{'https://news.google.com/topics/articles/CCAiC3RrblluVC02YnhzmAEB?hl=en-US&gl=US&ceid=US%3Aen'},2023-08-08T13:31:55Z
UC Davis stabbing deaths: Suspect declared mentally unfit for trial,{'https://news.google.com/topics/articles/CBMie2h0dHBzOi8vd3d3LnVzYXRvZGF5LmNvbS9zdG9yeS9uZXdzL25hdGlvbi8yMDIzLzA4LzA4L3VuaXZlcnNpdHktY2FsaWZvcm5pYS1kYXZpcy1zdXNwZWN0LWNhc2UtY29tcGV0ZW50LXRyaWFsLzcwNTQ3MjU2MDA3L9IBAA?hl=en-US&gl=US&ceid=US%3Aen'},2023-08-08T05:40:54Z
Ex-student accused in Northern California stabbing deaths is mentally unfit for trial,{'https://news.google.com/topics/articles/CBMifWh0dHBzOi8vd3d3Lm1lcmN1cnluZXdzLmNvbS8yMDIzLzA4LzA4L2V4LXN0dWRlbnQtYWNjdXNlZC1pbi1ub3J0aGVybi1jYWxpZm9ybmlhLXN0YWJiaW5nLWRlYXRocy1pcy1tZW50YWxseS11bmZpdC1mb3ItdHJpYWwv0gGBAWh0dHBzOi8vd3d3Lm1lcmN1cnluZXdzLmNvbS8yMDIzLzA4LzA4L2V4LXN0dWRlbnQtYWNjdXNlZC1pbi1ub3J0aGVybi1jYWxpZm9ybmlhLXN0YWJiaW5nLWRlYXRocy1pcy1tZW50YWxseS11bmZpdC1mb3ItdHJpYWwvYW1wLw?hl=en-US&gl=US&ceid=US%3Aen'},2023-08-08T13:36:21Z
Nearly 100 arrested in child sex abuse case that claimed lives of 2 South Florida FBI agents,{'https://news.google.com/topics/articles/CBMiiwFodHRwczovL3d3dy5sb2NhbDEwLmNvbS9uZXdzL2xvY2FsLzIwMjMvMDgvMDgvbmVhcmx5LTEwMC1hcnJlc3RlZC1pbi1jaGlsZC1zZXgtYWJ1c2UtY2FzZS10aGF0LWNsYWltZWQtbGl2ZXMtb2YtMi1zb3V0aC1mbG9yaWRhLWZiaS1hZ2VudHMv0gEA?hl=en-US&gl=US&ceid=US%3Aen'},2023-08-08T20:49:37Z
Australian pedophile ring busted in wake of killings of 2 FBI agents,{'https://news.google.com/topics/articles/CBMiWWh0dHBzOi8vd3d3LmZveG5ld3MuY29tL3dvcmxkL2F1c3RyYWxpYW4tcGVkb3BoaWxlLXJpbmctYnVzdGVkLXdha2Uta2lsbGluZ3MtMi1mYmktYWdlbnRz0gFdaHR0cHM6Ly93d3cuZm94bmV3cy5jb20vd29ybGQvYXVzdHJhbGlhbi1wZWRvcGhpbGUtcmluZy1idXN0ZWQtd2FrZS1raWxsaW5ncy0yLWZiaS1hZ2VudHMuYW1w?hl=en-US&gl=US&ceid=US%3Aen'},2023-08-08T18:28:00Z
98 arrested in child sex abuse investigation that claimed lives of 2 South Florida FBI agents,{'https://news.google.com/topics/articles/CCAiC1ZzdVdySERJeGUwmAEB?hl=en-US&gl=US&ceid=US%3Aen'},2023-08-08T20:42:47Z
Nearly 100 arrested in child abuse network after FBI agents' murders in South Florida,{'https://news.google.com/topics/articles/CBMifWh0dHBzOi8vd3d3LnN1bi1zZW50aW5lbC5jb20vMjAyMy8wOC8wOC9uZWFybHktMTAwLWFycmVzdGVkLWluLWNoaWxkLWFidXNlLW5ldHdvcmstYWZ0ZXItZmJpLWFnZW50cy1tdXJkZXJzLWluLXNvdXRoLWZsb3JpZGEv0gEA?hl=en-US&gl=US&ceid=US%3Aen'},2023-08-08T23:04:12Z
"Republican senator will ‘burn the military down’ over abortion policy, says Democrat",{'https://news.google.com/topics/articles/CBMiamh0dHBzOi8vd3d3LnRoZWd1YXJkaWFuLmNvbS91cy1uZXdzLzIwMjMvYXVnLzA4L3RvbW15LXR1YmVydmlsbGUtc2VuYXRlLWJsb2NrLW1pbGl0YXJ5LXByb21vdGlvbnMtYWJvcnRpb27SAWpodHRwczovL2FtcC50aGVndWFyZGlhbi5jb20vdXMtbmV3cy8yMDIzL2F1Zy8wOC90b21teS10dWJlcnZpbGxlLXNlbmF0ZS1ibG9jay1taWxpdGFyeS1wcm9tb3Rpb25zLWFib3J0aW9u?hl=en-US&gl=US&ceid=US%3Aen'},2023-08-08T22:00:00Z
Senate Democrat: Tuberville ‘prepared to burn the military down’ with promotions blockade,{'https://news.google.com/topics/articles/CBMiggFodHRwczovL3RoZWhpbGwuY29tL3BvbGljeS9kZWZlbnNlLzQxNDM2NjItc2VuYXRlLWRlbW9jcmF0LXR1YmVydmlsbGUtcHJlcGFyZWQtdG8tYnVybi10aGUtbWlsaXRhcnktZG93bi13aXRoLXByb21vdGlvbnMtYmxvY2thZGUv0gGGAWh0dHBzOi8vdGhlaGlsbC5jb20vcG9saWN5L2RlZmVuc2UvNDE0MzY2Mi1zZW5hdGUtZGVtb2NyYXQtdHViZXJ2aWxsZS1wcmVwYXJlZC10by1idXJuLXRoZS1taWxpdGFyeS1kb3duLXdpdGgtcHJvbW90aW9ucy1ibG9ja2FkZS9hbXAv?hl=en-US&gl=US&ceid=US%3Aen'},2023-08-08T15:23:00Z
Haley criticizes Tuberville's military hold - POLITICO,{'https://news.google.com/topics/articles/CBMiV2h0dHBzOi8vd3d3LnBvbGl0aWNvLmNvbS9uZXdzLzIwMjMvMDgvMDgvdHViZXJ2aWxsZS1taWxpdGFyeS1ub21pbmF0aW9ucy1oYWxleS0wMDExMDI1NtIBAA?hl=en-US&gl=US&ceid=US%3Aen'},2023-08-08T19:01:49Z
Democrats float end-around on Tuberville's abortion blockade,{'https://news.google.com/topics/articles/CBMiTWh0dHBzOi8vd3d3LmF4aW9zLmNvbS8yMDIzLzA4LzA4L2RlbW9jcmF0cy10dWJlcnZpbGxlLW1pbGl0YXJ5LWFib3J0aW9uLXJ1bGVz0gEA?hl=en-US&gl=US&ceid=US%3Aen'},2023-08-08T19:11:21Z
Court Blocks New Student Loan Forgiveness Rules In Latest Setback For Biden,{'https://news.google.com/topics/articles/CBMif2h0dHBzOi8vd3d3LmZvcmJlcy5jb20vc2l0ZXMvYWRhbW1pbnNreS8yMDIzLzA4LzA4L2NvdXJ0LWJsb2Nrcy1uZXctc3R1ZGVudC1sb2FuLWZvcmdpdmVuZXNzLXJ1bGVzLWluLWxhdGVzdC1zZXRiYWNrLWZvci1iaWRlbi_SAYMBaHR0cHM6Ly93d3cuZm9yYmVzLmNvbS9zaXRlcy9hZGFtbWluc2t5LzIwMjMvMDgvMDgvY291cnQtYmxvY2tzLW5ldy1zdHVkZW50LWxvYW4tZm9yZ2l2ZW5lc3MtcnVsZXMtaW4tbGF0ZXN0LXNldGJhY2stZm9yLWJpZGVuL2FtcC8?hl=en-US&gl=US&ceid=US%3Aen'},2023-08-08T14:47:24Z
Biden's new student loan forgiveness plan faces lawsuit,{'https://news.google.com/topics/articles/CCAiC2JvV3g3WnhUd2F3mAEB?hl=en-US&gl=US&ceid=US%3Aen'},2023-08-07T22:12:28Z
Student-Loan Debt: Federal Court Blocks Biden Administration Move to Forgive Student Debt for Defrauded Borrowers,{'https://news.google.com/topics/articles/CBMiiAFodHRwczovL3d3dy5uYXRpb25hbHJldmlldy5jb20vbmV3cy9mZWRlcmFsLWNvdXJ0LWJsb2Nrcy1iaWRlbi1hZG1pbmlzdHJhdGlvbi1tb3ZlLXRvLWZvcmdpdmUtc3R1ZGVudC1sb2FuLWRlYnQtZm9yLWRlZnJhdWRlZC1ib3Jyb3dlcnMv0gEA?hl=en-US&gl=US&ceid=US%3Aen'},2023-08-08T12:43:17Z
"As Biden administration moves to wipe away student debt, lawsuits follow",{'https://news.google.com/topics/articles/CBMi0QFodHRwczovL2tvbW9uZXdzLmNvbS9uZXdzL25hdGlvbi13b3JsZC9hcy1iaWRlbi1hZG1pbmlzdHJhdGlvbi1tb3Zlcy10by13aXBlLWF3YXktc3R1ZGVudC1kZWJ0LWxhd3N1aXRzLWZvbGxvdy1kZXBhcnRtZW50LW9mLWVkdWNhdGlvbi1taWd1ZWwtY2FyZG9uYS1yZXBheW1lbnQtaW50ZXJlc3QtYmFsYW5jZXMtaGVyb2VzLWFjdC1oaWdoZXItZWR1Y2F0aW9uLWFjdNIBAA?hl=en-US&gl=US&ceid=US%3Aen'},2023-08-08T19:07:10Z
"Ex-US attorney: Jack Smith ""may need to politely tell Judge Cannon to butt out"" after latest order",{'https://news.google.com/topics/articles/CBMie2h0dHBzOi8vd3d3LnNhbG9uLmNvbS8yMDIzLzA4LzA4L2V4LXVzLWF0dG9ybmV5LWphY2stc21pdGgtbWF5LW5lZWQtdG8tcG9saXRlbHktdGVsbC1jYW5ub24tdG8tYnV0dC1vdXQtYWZ0ZXItbGF0ZXN0LW9yZGVyL9IBAA?hl=en-US&gl=US&ceid=US%3Aen'},2023-08-08T19:28:00Z
Trump judge questions prosecutors' use of two grand juries,{'https://news.google.com/topics/articles/CBMidGh0dHBzOi8vd3d3LnN1bi1zZW50aW5lbC5jb20vMjAyMy8wOC8wOC90cnVtcC1jbGFzc2lmaWVkLXBhcGVycy1qdWRnZS1xdWVzdGlvbnMtcHJvc2VjdXRvcnMtdXNlLW9mLXR3by1ncmFuZC1qdXJpZXMv0gEA?hl=en-US&gl=US&ceid=US%3Aen'},2023-08-08T23:19:26Z
“Dopey and Constitutionally Dubious”: Legal Experts Blast Judge Aileen Cannon’s Latest Pro-Trump Rulings,{'https://news.google.com/topics/articles/CBMiaGh0dHBzOi8vd3d3LnZhbml0eWZhaXIuY29tL25ld3MvMjAyMy8wOC9lZ2FsLWV4cGVydHMtYmxhc3QtanVkZ2UtYWlsZWVuLWNhbm5vbnMtbGF0ZXN0LXByby10cnVtcC1ydWxpbmdz0gFsaHR0cHM6Ly93d3cudmFuaXR5ZmFpci5jb20vbmV3cy8yMDIzLzA4L2VnYWwtZXhwZXJ0cy1ibGFzdC1qdWRnZS1haWxlZW4tY2Fubm9ucy1sYXRlc3QtcHJvLXRydW1wLXJ1bGluZ3MvYW1w?hl=en-US&gl=US&ceid=US%3Aen'},2023-08-08T20:11:31Z
Trump-appointed judge sides with Trump again in classified documents case,{'https://news.google.com/topics/articles/CBMicmh0dHBzOi8vd3d3LmluZGVwZW5kZW50LmNvLnVrL25ld3Mvd29ybGQvYW1lcmljYXMvdXMtcG9saXRpY3MvdHJ1bXAtanVkZ2UtYWlsZWVuLWNhbm5vbi1jb3VydC1ydWxpbmctYjIzODkzOTUuaHRtbNIBAA?hl=en-US&gl=US&ceid=US%3Aen'},2023-08-08T13:07:24Z
"Clay Travis Unloads On Protestors Who Spat On Riley Gaines And Women's Sports Activists, Calls For Prosecution",{'https://news.google.com/topics/articles/CBMib2h0dHBzOi8vd3d3Lm91dGtpY2suY29tL3JpbGV5LWdhaW5lcy1wYXVsYS1zY2FubGFuLWdyZWctYWJib3R0LXRleGFzLXByb3Rlc3Qtc2F2ZS13b21lbi1zcG9ydHMtYWN0LWNsYXktdHJhdmlzL9IBAA?hl=en-US&gl=US&ceid=US%3Aen'},2023-08-08T16:37:10Z
Gov. Abbott signs law restricting what sports teams trans athletes can participate in,{'https://news.google.com/topics/articles/CCAiC29vRXg0Zmp0YjBFmAEB?hl=en-US&gl=US&ceid=US%3Aen'},2023-08-08T23:17:33Z
Riley Gaines shares video of ‘Save Women’s Sports’ bill protester appearing to throw water at legislators,{'https://news.google.com/topics/articles/CBMicmh0dHBzOi8vd3d3LmZveG5ld3MuY29tL3Nwb3J0cy9yaWxleS1nYWluZXMtc2hhcmVzLXZpZGVvLXNhdmUtd29tZW5zLXNwb3J0cy1iaWxsLXByb3Rlc3Rlci10aHJvdy13YXRlci1sZWdpc2xhdG9yc9IBdmh0dHBzOi8vd3d3LmZveG5ld3MuY29tL3Nwb3J0cy9yaWxleS1nYWluZXMtc2hhcmVzLXZpZGVvLXNhdmUtd29tZW5zLXNwb3J0cy1iaWxsLXByb3Rlc3Rlci10aHJvdy13YXRlci1sZWdpc2xhdG9ycy5hbXA?hl=en-US&gl=US&ceid=US%3Aen'},2023-08-09T00:03:00Z
LIVE: Gov. Abbott to sign law banning trans athletes from college sports competition,{'https://news.google.com/topics/articles/CCAiC0FEbEZSOVA1SFQwmAEB?hl=en-US&gl=US&ceid=US%3Aen'},2023-08-08T07:32:17Z
"Florida appears to reverse course on AP Psych, but some schools still won't offer it",{'https://news.google.com/topics/articles/CBMiggFodHRwczovL3d3dy5uYmNuZXdzLmNvbS9uYmMtb3V0L291dC1wb2xpdGljcy1hbmQtcG9saWN5L2Zsb3JpZGEtYXBwZWFycy1yZXZlcnNlLWNvdXJzZS1hcC1wc3ljaC1zY2hvb2xzLXN0aWxsLXdvbnQtb2ZmZXItcmNuYTk4ODEy0gEqaHR0cHM6Ly93d3cubmJjbmV3cy5jb20vbmV3cy9hbXAvcmNuYTk4ODEy?hl=en-US&gl=US&ceid=US%3Aen'},2023-08-08T22:44:44Z
"AP Psychology won't be taught in Clay, Duval schools amid controversy over content",{'https://news.google.com/topics/articles/CBMigAFodHRwczovL3d3dy5uZXdzNGpheC5jb20vbmV3cy9sb2NhbC8yMDIzLzA4LzA4L2FwLXBzeWNob2xvZ3ktd29udC1iZS10YXVnaHQtaW4tY2xheS1kdXZhbC1zY2hvb2xzLWFtaWQtY29udHJvdmVyc3ktb3Zlci1jb250ZW50L9IBAA?hl=en-US&gl=US&ceid=US%3Aen'},2023-08-08T20:09:59Z
'It takes courage': Leon Schools keeps AP Psychology; other Florida districts back out,{'https://news.google.com/topics/articles/CBMiigFodHRwczovL3d3dy50YWxsYWhhc3NlZS5jb20vc3RvcnkvbmV3cy9sb2NhbC8yMDIzLzA4LzA4L2xlb24tY291bnR5LXNjaG9vbHMta2VlcHMtYXAtcHN5Y2hvbG9neS1hcy1mbG9yaWRhLWRpc3RyaWN0cy1iYWNrLW91dC83MDUyOTU5NDAwNy_SAQA?hl=en-US&gl=US&ceid=US%3Aen'},2023-08-09T00:11:12Z
Opinion: AP Psychology controversy exposes the lie behind Florida’s push for ‘parental rights’,{'https://news.google.com/topics/articles/CBMiamh0dHBzOi8vd3d3LmNubi5jb20vMjAyMy8wOC8wOC9vcGluaW9ucy9mbG9yaWRhLWFkdmFuY2VkLXBsYWNlbWVudC1wc3ljaG9sb2d5LWNvbnRyb3ZlcnN5LXlvdW5nL2luZGV4Lmh0bWzSAQA?hl=en-US&gl=US&ceid=US%3Aen'},2023-08-08T11:23:00Z
LIVE: NBC News NOW - Aug. 8,{'https://news.google.com/topics/articles/CCAiC0RyOU5QakRfWkR3mAEB?hl=en-US&gl=US&ceid=US%3Aen'},2023-08-08T22:00:53Z
Nightly News Full Broadcast (August 8th),{'https://news.google.com/topics/articles/CBMiZmh0dHBzOi8vd3d3Lm5iY25ld3MuY29tL25pZ2h0bHktbmV3cy1uZXRjYXN0L3ZpZGVvL25pZ2h0bHktbmV3cy1mdWxsLWJyb2FkY2FzdC1hdWd1c3QtOHRoLTE5MDM5MDg1MzkwN9IBN2h0dHBzOi8vd3d3Lm5iY25ld3MuY29tL25ld3MvYW1wLXZpZGVvL21tdm8xOTAzOTA4NTM5MDc?hl=en-US&gl=US&ceid=US%3Aen'},2023-08-09T00:18:36Z
Nightly News Full Broadcast (August 7th),{'https://news.google.com/topics/articles/CBMiZmh0dHBzOi8vd3d3Lm5iY25ld3MuY29tL25pZ2h0bHktbmV3cy1uZXRjYXN0L3ZpZGVvL25pZ2h0bHktbmV3cy1mdWxsLWJyb2FkY2FzdC1hdWd1c3QtN3RoLTE5MDI4NTM4MTg5MdIBN2h0dHBzOi8vd3d3Lm5iY25ld3MuY29tL25ld3MvYW1wLXZpZGVvL21tdm8xOTAyODUzODE4OTE?hl=en-US&gl=US&ceid=US%3Aen'},2023-08-08T00:21:28Z
Morning News NOW Full Broadcast - Aug. 8,{'https://news.google.com/topics/articles/CCAiCzRMNUZTQzAyYkFRmAEB?hl=en-US&gl=US&ceid=US%3Aen'},2023-08-08T15:16:36Z
Trump rails against indictments at New Hampshire event and calls charges against him ‘bullsh*t’,{'https://news.google.com/topics/articles/CBMiRmh0dHBzOi8vd3d3LmNubi5jb20vMjAyMy8wOC8wOC9wb2xpdGljcy90cnVtcC1uZXctaGFtcHNoaXJlL2luZGV4Lmh0bWzSAUpodHRwczovL2FtcC5jbm4uY29tL2Nubi8yMDIzLzA4LzA4L3BvbGl0aWNzL3RydW1wLW5ldy1oYW1wc2hpcmUvaW5kZXguaHRtbA?hl=en-US&gl=US&ceid=US%3Aen'},2023-08-08T22:42:00Z
Trump vows to keep talking about criminal cases despite prosecutors pushing for protective order,{'https://news.google.com/topics/articles/CBMicmh0dHBzOi8vYXBuZXdzLmNvbS9hcnRpY2xlL2RvbmFsZC10cnVtcC1pbmRpY3RtZW50LWNhbXBhaWduLWVsZWN0aW9uLWludGVyZmVyZW5jZS0xMWNjNGQxMDE1YzM2ZTZiYTA3OGMwMDgwNWQ5OTgzONIBAA?hl=en-US&gl=US&ceid=US%3Aen'},2023-08-08T22:31:00Z
Trump argues proposed limits on 2020 election case evidence violate free speech,{'https://news.google.com/topics/articles/CBMiTWh0dHBzOi8vbmV3cy55YWhvby5jb20vdHJ1bXAtc2F5cy1wcm9zZWN1dG9ycy1wcm90ZWN0aXZlLW9yZGVyLTIxMDMxOTI0Mi5odG1s0gFVaHR0cHM6Ly9uZXdzLnlhaG9vLmNvbS9hbXBodG1sL3RydW1wLXNheXMtcHJvc2VjdXRvcnMtcHJvdGVjdGl2ZS1vcmRlci0yMTAzMTkyNDIuaHRtbA?hl=en-US&gl=US&ceid=US%3Aen'},2023-08-08T01:43:00Z
Trump indictment: Are his Truth Social threats witness tampering?,{'https://news.google.com/topics/articles/CBMiYGh0dHBzOi8vc2xhdGUuY29tL25ld3MtYW5kLXBvbGl0aWNzLzIwMjMvMDgvdHJ1bXAtaW5kaWN0bWVudC13aXRuZXNzLXRhbXBlcmluZy10cnV0aC1zb2NpYWwuaHRtbNIBAA?hl=en-US&gl=US&ceid=US%3Aen'},2023-08-07T21:43:00Z
Austin family's house and car shot-up during gunfire exchange that injured one APD officer,{'https://news.google.com/topics/articles/CCAiCzE0SmtBS2NlMS1NmAEB?hl=en-US&gl=US&ceid=US%3Aen'},2023-08-08T18:43:50Z
"VIDEO: SAPD releases bodycam footage of man fleeing, being shot by police",{'https://news.google.com/topics/articles/CBMic2h0dHBzOi8vd3d3LmtzYXQuY29tL25ld3MvbG9jYWwvMjAyMy8wOC8wOC92aWRlby1zYXBkLXJlbGVhc2VzLWJvZHljYW0tZm9vdGFnZS1vZi1tYW4tZmxlZWluZy1iZWluZy1zaG90LWJ5LXBvbGljZS_SAQA?hl=en-US&gl=US&ceid=US%3Aen'},2023-08-08T22:16:52Z
‘It went all wrong’: Southeast Austin neighbors describe chaos of shooting involving APD,{'https://news.google.com/topics/articles/CBMidmh0dHBzOi8vd3d3Lmt4YW4uY29tL25ld3MvY3JpbWUvaXQtd2VudC1hbGwtd3Jvbmctc291dGhlYXN0LWF1c3Rpbi1uZWlnaGJvcnMtZGVzY3JpYmUtY2hhb3Mtb2Ytc2hvb3RpbmctaW52b2x2aW5nLWFwZC_SAXpodHRwczovL3d3dy5reGFuLmNvbS9uZXdzL2NyaW1lL2l0LXdlbnQtYWxsLXdyb25nLXNvdXRoZWFzdC1hdXN0aW4tbmVpZ2hib3JzLWRlc2NyaWJlLWNoYW9zLW9mLXNob290aW5nLWludm9sdmluZy1hcGQvYW1wLw?hl=en-US&gl=US&ceid=US%3Aen'},2023-08-07T20:21:29Z
"Video shows shootout between APD officer, suspect in Southeast Austin",{'https://news.google.com/topics/articles/CBMiXmh0dHBzOi8vd3d3LmZveDdhdXN0aW4uY29tL25ld3Mvb2ZmaWNlci1pbnZvbHZlZC1zaG9vdGluZy1hdXN0aW4tcG9saWNlLXNvdXRoZWFzdC1hdXN0aW4tdGV4YXPSAWJodHRwczovL3d3dy5mb3g3YXVzdGluLmNvbS9uZXdzL29mZmljZXItaW52b2x2ZWQtc2hvb3RpbmctYXVzdGluLXBvbGljZS1zb3V0aGVhc3QtYXVzdGluLXRleGFzLmFtcA?hl=en-US&gl=US&ceid=US%3Aen'},2023-08-08T00:52:12Z
It's primary election day in Mississippi. Here's what to watch for.,{'https://news.google.com/topics/articles/CBMiR2h0dHBzOi8vbWlzc2lzc2lwcGl0b2RheS5vcmcvMjAyMy8wOC8wOC9wcmltYXJ5LWVsZWN0aW9uLXdoYXQtdG8td2F0Y2gv0gEA?hl=en-US&gl=US&ceid=US%3Aen'},2023-08-08T11:30:00Z
Could A Democrat Actually Win Mississippi’s Governorship?,{'https://news.google.com/topics/articles/CBMibGh0dHBzOi8vZml2ZXRoaXJ0eWVpZ2h0LmNvbS9mZWF0dXJlcy9taXNzaXNzaXBwaS1nb3Zlcm5vci1saWV1dGVuYW50LWdvdmVybm9yLXByaW1hcnktZWxlY3Rpb24tMjAyMy1wcmV2aWV3L9IBcGh0dHBzOi8vZml2ZXRoaXJ0eWVpZ2h0LmNvbS9mZWF0dXJlcy9taXNzaXNzaXBwaS1nb3Zlcm5vci1saWV1dGVuYW50LWdvdmVybm9yLXByaW1hcnktZWxlY3Rpb24tMjAyMy1wcmV2aWV3L2FtcC8?hl=en-US&gl=US&ceid=US%3Aen'},2023-08-08T10:05:12Z
LIVE: Results of Mississippi’s 2023 Primary Election,{'https://news.google.com/topics/articles/CBMiUGh0dHBzOi8vd3d3LndsYnQuY29tLzIwMjMvMDgvMDgvbGl2ZS1yZXN1bHRzLW1pc3Npc3NpcHBpcy0yMDIzLXByaW1hcnktZWxlY3Rpb24v0gFfaHR0cHM6Ly93d3cud2xidC5jb20vMjAyMy8wOC8wOC9saXZlLXJlc3VsdHMtbWlzc2lzc2lwcGlzLTIwMjMtcHJpbWFyeS1lbGVjdGlvbi8_b3V0cHV0VHlwZT1hbXA?hl=en-US&gl=US&ceid=US%3Aen'},2023-08-08T23:56:00Z
ELECTION DAY: What’s next? Key election updates and a look-ahead to the general election,{'https://news.google.com/topics/articles/CBMiamh0dHBzOi8vd3d3Lndsb3guY29tLzIwMjMvMDgvMDgvZWxlY3Rpb24tZGF5LXdoYXRzLW5leHQta2V5LWVsZWN0aW9uLXVwZGF0ZXMtbG9vay1haGVhZC1nZW5lcmFsLWVsZWN0aW9ucy_SAXlodHRwczovL3d3dy53bG94LmNvbS8yMDIzLzA4LzA4L2VsZWN0aW9uLWRheS13aGF0cy1uZXh0LWtleS1lbGVjdGlvbi11cGRhdGVzLWxvb2stYWhlYWQtZ2VuZXJhbC1lbGVjdGlvbnMvP291dHB1dFR5cGU9YW1w?hl=en-US&gl=US&ceid=US%3Aen'},2023-08-08T23:39:00Z
Cleanup underway after storm knocks down utility poles along busy Westminster road,{'https://news.google.com/topics/articles/CBMifGh0dHBzOi8vd3d3LmNic25ld3MuY29tL2JhbHRpbW9yZS9uZXdzL2RvemVucy10cmFwcGVkLWFmdGVyLWNhcnMtc3RydWNrLWJ5LWZhbGxlbi11dGlsaXR5LXBvbGVzLWR1cmluZy1zdG9ybS1pbi13ZXN0bWluc3Rlci_SAYABaHR0cHM6Ly93d3cuY2JzbmV3cy5jb20vYW1wL2JhbHRpbW9yZS9uZXdzL2RvemVucy10cmFwcGVkLWFmdGVyLWNhcnMtc3RydWNrLWJ5LWZhbGxlbi11dGlsaXR5LXBvbGVzLWR1cmluZy1zdG9ybS1pbi13ZXN0bWluc3Rlci8?hl=en-US&gl=US&ceid=US%3Aen'},2023-08-08T16:02:00Z
Severe weather across the Carolinas,{'https://news.google.com/topics/articles/CCAiC3ctaUFTNThZdTBvmAEB?hl=en-US&gl=US&ceid=US%3Aen'},2023-08-08T21:43:58Z
Harford County feels effects of Monday storm,{'https://news.google.com/topics/articles/CBMifmh0dHBzOi8vd3d3LmJhbHRpbW9yZXN1bi5jb20vbWFyeWxhbmQvaGFyZm9yZC9hZWdpcy9jbmctYWctaGFyZm9yZC1zdG9ybS1hdWd1c3QtMjAyMzA4MDktb3YzdGR2dDJ4amRqZmJoeXVyYXFseHYzeXktc3RvcnkuaHRtbNIBAA?hl=en-US&gl=US&ceid=US%3Aen'},2023-08-09T03:20:21Z
Dozens trapped in cars after poles snap on Route 140 in Westminster,{'https://news.google.com/topics/articles/CBMiYmh0dHBzOi8vd3d3LndiYWx0di5jb20vYXJ0aWNsZS9zdG9ybS1kYW1hZ2Utd2VzdG1pbnN0ZXItcm91dGUtMTQwLXBvbGVzLWRvd24tY2Fycy10cmFwcGVkLzQ0NzU2OTgy0gFmaHR0cHM6Ly93d3cud2JhbHR2LmNvbS9hbXAvYXJ0aWNsZS9zdG9ybS1kYW1hZ2Utd2VzdG1pbnN0ZXItcm91dGUtMTQwLXBvbGVzLWRvd24tY2Fycy10cmFwcGVkLzQ0NzU2OTgy?hl=en-US&gl=US&ceid=US%3Aen'},2023-08-08T21:12:00Z
T.L. Hanna sophomore dies during Monday's severe weather in Anderson,{'https://news.google.com/topics/articles/CBMipQFodHRwczovL3d3dy5pbmRlcGVuZGVudG1haWwuY29tL3N0b3J5L25ld3MvbG9jYWwvMjAyMy8wOC8wOC9hbmRlcnNvbi0xNS15ZWFyLW9sZC1kaWVzLWR1cmluZy1tb25kYXktc2V2ZXJlLXdlYXRoZXItZGVhdGgtdXBzdGF0ZS1zYy1ldmFuLWtpbmxleS10bC1oYW5uYS83MDU1MzEwNzAwNy_SAQA?hl=en-US&gl=US&ceid=US%3Aen'},2023-08-08T20:30:54Z
"15-year-old killed when tree falls on him during severe storm, coroner says",{'https://news.google.com/topics/articles/CBMiaGh0dHBzOi8vd3d3LndicmMuY29tLzIwMjMvMDgvMDgvMTUteWVhci1vbGQta2lsbGVkLXdoZW4tdHJlZS1mYWxscy1oaW0tZHVyaW5nLXNldmVyZS1zdG9ybS1jb3JvbmVyLXNheXMv0gF3aHR0cHM6Ly93d3cud2JyYy5jb20vMjAyMy8wOC8wOC8xNS15ZWFyLW9sZC1raWxsZWQtd2hlbi10cmVlLWZhbGxzLWhpbS1kdXJpbmctc2V2ZXJlLXN0b3JtLWNvcm9uZXItc2F5cy8_b3V0cHV0VHlwZT1hbXA?hl=en-US&gl=US&ceid=US%3Aen'},2023-08-08T14:53:00Z
Teen killed by fallen tree in South Carolina,{'https://news.google.com/topics/articles/CCAiC3RNQkhsaUFVWWU4mAEB?hl=en-US&gl=US&ceid=US%3Aen'},2023-08-08T11:45:16Z
"'It's just tragic': Tree falls during severe weather in Anderson County, killing Upstate teen, officials say",{'https://news.google.com/topics/articles/CBMiVmh0dHBzOi8vd3d3Lnd5ZmY0LmNvbS9hcnRpY2xlL3RyZWUtZmFsbHMtYW5kZXJzb24tY291bnR5LWtpbGxpbmctdXBzdGF0ZS10ZWVuLzQ0NzU2OTcx0gFaaHR0cHM6Ly93d3cud3lmZjQuY29tL2FtcC9hcnRpY2xlL3RyZWUtZmFsbHMtYW5kZXJzb24tY291bnR5LWtpbGxpbmctdXBzdGF0ZS10ZWVuLzQ0NzU2OTcx?hl=en-US&gl=US&ceid=US%3Aen'},2023-08-08T13:20:00Z
"UC admits record number of California first-year students for fall 2023, led by Latinos",{'https://news.google.com/topics/articles/CBMifGh0dHBzOi8vd3d3LmxhdGltZXMuY29tL2NhbGlmb3JuaWEvc3RvcnkvMjAyMy0wOC0wOC91Yy1hZG1pdHMtcmVjb3JkLW51bWJlci1vZi1jYWxpZm9ybmlhLWZpcnN0LXllYXItc3R1ZGVudHMtbGVkLWJ5LWxhdGlub3PSAQA?hl=en-US&gl=US&ceid=US%3Aen'},2023-08-08T16:29:49Z
UC schools admit record number of California applicants; Latino students lead the pack,{'https://news.google.com/topics/articles/CBMid2h0dHBzOi8va3RsYS5jb20vbmV3cy9jYWxpZm9ybmlhL3VjLXNjaG9vbHMtYWRtaXRzLXJlY29yZC1udW1iZXItb2YtY2FsaWZvcm5pYS1hcHBsaWNhbnRzLWxhdGluby1zdHVkZW50cy1sZWQtdGhlLXBhY2sv0gF7aHR0cHM6Ly9rdGxhLmNvbS9uZXdzL2NhbGlmb3JuaWEvdWMtc2Nob29scy1hZG1pdHMtcmVjb3JkLW51bWJlci1vZi1jYWxpZm9ybmlhLWFwcGxpY2FudHMtbGF0aW5vLXN0dWRlbnRzLWxlZC10aGUtcGFjay9hbXAv?hl=en-US&gl=US&ceid=US%3Aen'},2023-08-08T19:53:28Z
"UC admissions 2023: Fewer Berkeley offers, gain for Californians",{'https://news.google.com/topics/articles/CBMiamh0dHBzOi8vd3d3LnNmY2hyb25pY2xlLmNvbS9jYWxpZm9ybmlhL2FydGljbGUvdWMtYWRtaXNzaW9ucy1kYXRhLXNob3dzLWZld2VyLWJlcmtlbGV5LW9mZmVycy0xODI4NTUwMS5waHDSAQA?hl=en-US&gl=US&ceid=US%3Aen'},2023-08-08T23:25:29Z
UC Santa Cruz student enrollment numbers up,{'https://news.google.com/topics/articles/CBMiWWh0dHBzOi8vd3d3LnNhbnRhY3J1enNlbnRpbmVsLmNvbS8yMDIzLzA4LzA4L3VjLXNhbnRhLWNydXotc3R1ZGVudC1lbnJvbGxtZW50LW51bWJlcnMtdXAv0gFdaHR0cHM6Ly93d3cuc2FudGFjcnV6c2VudGluZWwuY29tLzIwMjMvMDgvMDgvdWMtc2FudGEtY3J1ei1zdHVkZW50LWVucm9sbG1lbnQtbnVtYmVycy11cC9hbXAv?hl=en-US&gl=US&ceid=US%3Aen'},2023-08-08T23:33:14Z
"Sad scouts reluctantly leave South Korean jamboree that has been marred by illness, poor facilities and searin",{'https://news.google.com/topics/articles/CBMiZWh0dHBzOi8vd3d3LmRhaWx5bWFpbC5jby51ay9uZXdzL2FydGljbGUtMTIzODQ0OTcvU2NvdXRzLWV2YWN1YXRlZC1Tb3V0aC1Lb3JlYW4tamFtYm9yZWUtdHlwaG9vbi5odG1s0gFpaHR0cHM6Ly93d3cuZGFpbHltYWlsLmNvLnVrL25ld3MvYXJ0aWNsZS0xMjM4NDQ5Ny9hbXAvU2NvdXRzLWV2YWN1YXRlZC1Tb3V0aC1Lb3JlYW4tamFtYm9yZWUtdHlwaG9vbi5odG1s?hl=en-US&gl=US&ceid=US%3Aen'},2023-08-08T11:54:15Z
Thousands of boy scouts being evacuated from site of world jamboree in South Korea,{'https://news.google.com/topics/articles/CCAiC0FCWjFzcEM0dXRnmAEB?hl=en-US&gl=US&ceid=US%3Aen'},2023-08-08T22:50:35Z
"August 8, 2023",{'https://news.google.com/topics/articles/CBMiQmh0dHBzOi8vd3d3LnZvYW5ld3MuY29tL2EvYXVndXN0LTgtMjAyMy1kYXktaW4tcGhvdG9zLzcyMTY1NzMuaHRtbNIBRGh0dHBzOi8vd3d3LnZvYW5ld3MuY29tL2FtcC9hdWd1c3QtOC0yMDIzLWRheS1pbi1waG90b3MvNzIxNjU3My5odG1s?hl=en-US&gl=US&ceid=US%3Aen'},2023-08-08T17:28:47Z
Aerial footage shows hundreds of buses evacuating scouts from South Korea jamboree,{'https://news.google.com/topics/articles/CCAiCzAxdGtpUzlxbFVZmAEB?hl=en-US&gl=US&ceid=US%3Aen'},2023-08-08T11:13:53Z
First Lady Jill Biden Hosts the Back to School Safely: Cybersecurity for K-12 Schools,{'https://news.google.com/topics/articles/CCAiC0dhSDlvSmRiUVprmAEB?hl=en-US&gl=US&ceid=US%3Aen'},2023-08-08T16:24:57Z
Meet the Press NOW - Aug. 8,{'https://news.google.com/topics/articles/CCAiCzZDTDUyZGRxMG9nmAEB?hl=en-US&gl=US&ceid=US%3Aen'},2023-08-08T22:45:00Z
Meet the Press NOW — August 7,{'https://news.google.com/topics/articles/CBMiVWh0dHBzOi8vd3d3Lm5iY25ld3MuY29tL21lZXQtdGhlLXByZXNzL3ZpZGVvL21lZXQtdGhlLXByZXNzLW5vdy1hdWd1c3QtNy0xOTAyNTUxNzM1MDTSATdodHRwczovL3d3dy5uYmNuZXdzLmNvbS9uZXdzL2FtcC12aWRlby9tbXZvMTkwMjU1MTczNTA0?hl=en-US&gl=US&ceid=US%3Aen'},2023-08-07T21:19:33Z
This Morning’s Top Headlines – Aug. 7,{'https://news.google.com/topics/articles/CCAiC05tOFpqcjlnTUxZmAEB?hl=en-US&gl=US&ceid=US%3Aen'},2023-08-07T12:45:20Z
"Meet the Press - August 6, 2023",{'https://news.google.com/topics/articles/CBMiSGh0dHBzOi8vd3d3Lm5iY25ld3MuY29tL21lZXQtdGhlLXByZXNzL21lZXQtcHJlc3MtYXVndXN0LTYtMjAyMy1uMTMwNzAwMdIBLGh0dHBzOi8vd3d3Lm5iY25ld3MuY29tL25ld3MvYW1wL25jbmExMzA3MDAx?hl=en-US&gl=US&ceid=US%3Aen'},2023-08-06T15:55:02Z
Western allies receive increasingly ‘sobering’ updates on Ukraine’s counteroffensive: ‘This is the most difficult time of the war’,{'https://news.google.com/topics/articles/CBMiWGh0dHBzOi8vd3d3LmNubi5jb20vMjAyMy8wOC8wOC9wb2xpdGljcy91a3JhaW5lLWNvdW50ZXJvZmZlbnNpdmUtdXMtYnJpZWZpbmdzL2luZGV4Lmh0bWzSAVxodHRwczovL2FtcC5jbm4uY29tL2Nubi8yMDIzLzA4LzA4L3BvbGl0aWNzL3VrcmFpbmUtY291bnRlcm9mZmVuc2l2ZS11cy1icmllZmluZ3MvaW5kZXguaHRtbA?hl=en-US&gl=US&ceid=US%3Aen'},2023-08-09T02:33:00Z
Progress of Ukraine's counteroffensive against Russia slows,{'https://news.google.com/topics/articles/CCAiC2JnVV9KNkhPU3E4mAEB?hl=en-US&gl=US&ceid=US%3Aen'},2023-08-09T02:30:19Z
Western allies get ‘sobering’ update on Ukraine counteroffensive,{'https://news.google.com/topics/articles/CCAiC2t5YUFMSFZuRVc4mAEB?hl=en-US&gl=US&ceid=US%3Aen'},2023-08-08T13:05:09Z
"West no longer expects Ukrainian breakthrough on battlefield before cold weather, and fears accusations – CNN",{'https://news.google.com/topics/articles/CBMiRmh0dHBzOi8vbmV3cy55YWhvby5jb20vd2VzdC1uby1sb25nZXItZXhwZWN0cy11a3JhaW5pYW4tMTI0ODEzMjA4Lmh0bWzSAU5odHRwczovL25ld3MueWFob28uY29tL2FtcGh0bWwvd2VzdC1uby1sb25nZXItZXhwZWN0cy11a3JhaW5pYW4tMTI0ODEzMjA4Lmh0bWw?hl=en-US&gl=US&ceid=US%3Aen'},2023-08-08T12:48:13Z
LIVE: President Biden delivers remarks on conservation efforts in the U.S. — 08/08/23,{'https://news.google.com/topics/articles/CCAiC01yRzNLcUVTQzVNmAEB?hl=en-US&gl=US&ceid=US%3Aen'},2023-08-08T18:42:49Z
